wallet,seerscore,rank_overall,raw_seer_score,pnl_usd_approx,volume_usd,trade_count,active_days
0x4024CeA7681ee1cA3def7de8a21eA25e00893A12,10,1,2.911253195227423,1000000.0,1000000.0,1,1
0xf8BA34BF0e95D952D05b578BFBC0833F9242a286,10,1,2.806049596992862,793882.0697651936,31106021.219927322,52277,110
0x3Cf3E8d5427aED066a7A5926980600f6C3Cf87B3,10,2,2.7770255198562155,595226.5033932327,15076032.944977539,21119,330
0x5bFFCF561BCaE83AF680ad600cb99F1184d6fFbe,10,3,2.66503799475943,998962.3320492887,37250838.203949094,12808,147
0x182A098BDA4B4dbF25FF1943C84142A699c05085,10,4,2.65335021578604,407944.41350626026,11949953.6854424,28009,603
0x63D43bbb87F85AF03b8F2F9E2fAd7B54334fA2f1,10,5,2.6363955995762307,402097.198851594,43656869.52836214,406055,148
0xdB8D7baf8a05FB0d36F7405A64A37255752e5A52,10,6,2.5457594960261263,414938.03887257,3302010.464850001,29508,94
0x1F2DD6D473f3e824cd2f8A89d9c69fb96F6aD0CF,10,7,2.5039199757151263,2629631.6813227455,17183254.554989234,6398,44
0xd235973291B2b75ff4070E9C0b01728C520B0f29,10,8,2.4657152629541885,4216135.837241558,15679160.586629948,6406,25
0xD218E474776403A330142299f7796E8BA32Eb5C9,10,9,2.4338345164131048,301294.8825964275,63308342.33136789,556847,172
0x56687BF447DB6fFA42FFE2204a05EDAA20f55839,10,10,2.3898519692181277,5205017.25727456,11168561.873619996,4466,15
0xa1d75a199Ef084EE3Ec9AE60DC986b439FE6E17e,9,11,2.3862730019383442,727111.7155035697,5194506.687949998,2023,54
0x59ee6c6A56d7b00223f0c30f8002C4Df762B684d,9,12,2.2089325787024423,217560.07320321145,51893673.38032935,240142,215
0x885783760858e1Bd5DD09A3c3F916cfa251ac270,9,13,2.206045384913053,1315903.95002228,3068651.1288199993,1298,8
0xd31a2EA0b5f9a10C2EB78DCc36DF016497D5386E,9,14,2.2026791355953295,703006.1240392164,2077344.6018083165,904,14
0x78B9ac44a6D7D7A076c14e0AD518b301b63c6B76,9,15,2.1936630050466834,2365134.15023783,4641881.368769999,1086,9
0xeD2239A9150c3920000D0094d28fA51C7dB03DD0,9,16,2.1821072782073623,788664.84812048,2444060.2955000005,922,10
0x23786fdaD0073692157C6D7dc81f281843A35Fcb,9,17,2.1771401238164434,972746.00297692,2319373.49464,1091,7
0x16f91Db2592924cfEd6e03B7E5cB5bB1E32299e3,9,18,2.168664068848884,994615.5715263295,2481257.699210001,1237,5
0x033a07B3De5947EAb4306676aD74eB546dA30d50,9,19,2.1674184835112698,1561566.8821500798,3998901.73162,1002,7
0x8119010a6e589062aA03583BB3F39cA632d9F887,9,20,2.166535664736616,441518.89291810716,6259914.438869995,2126,15
0x863134d00841b2E200492805a01E1E2f5DefAA53,9,21,2.1407684197277437,1707662.8220371304,3204475.3273099996,969,5
0x94a428CFa4f84B264e01f70d93d02Bc96CB36356,9,22,2.131947917201371,986648.6502978778,3151939.5211420935,897,5
0x79f293c48f651bAA31c8086a228102f57B127620,9,23,2.109982466864079,410378.0645529,3601099.4247199995,1278,34
0x9d84cE0306F8551e02EFef1680475Fc0f1dC1344,9,24,2.1034829393164673,218866.52978995195,14867067.435298875,18220,326
0x13d70b3F090e393481eDdeB3c7DA7E1A31FE8A7e,9,25,2.0937051634489827,252381.0423650357,12275291.216939427,8247,228
0x629BC4a1E53e1d475beB7ea3D388791e96Dd995A,9,26,2.090160440221841,293828.908993753,3715086.1664899783,3174,207
0x3D1Ecf16942939B3603C2539A406514A40b504D0,9,27,2.0804297269386605,699640.1725272016,1994864.122714753,324,13
0xd0c042C08F755FF940249f62745e82d356345565,9,28,2.0786127962394705,1386763.89260336,2953667.0346799996,969,2
0xBA664F999A18Dce0aac6AF698Af434924A24F59D,9,29,2.0601372713667336,574399.1699435932,1314811.6414130148,317,10
0xE9aD918C7678cD38B12603A762e638A5d1EE7091,9,30,2.0564319732159926,885113.7947829517,6531937.068006963,798,2
0xd49c4579bbC25D1D1a26a1976C9576d806C98150,9,31,2.0520655736461895,209682.13960517192,14177910.642859682,40654,63
0xF5423bF932623dD27369D0Db5c13698D6e2dCbB0,9,32,2.0136168225791637,199302.56092411495,5100385.435920003,18628,231
0xE899b5Ea69AFB161da7A35597b6Fe70398860899,9,33,2.0126335633989427,382274.3878333199,3006175.6543199993,702,48
0x051B16FFAc0f10a8Df96b93cc03faCCE011ea5E5,9,34,2.007942870551708,737682.6481804244,1999471.9999864823,522,2
0xd7F85d0eB0fe0732cA38D9107AD0D4D01B1289e4,9,35,1.996541653519814,441168.19964206,1929661.1247200004,448,17
0xb5fc4d5388952Dc7a798fE784Fe659f9a20E5Ca4,9,36,1.9910322943349104,197908.05724279291,6938813.085334884,23598,120
0x2bf64b86b64c315D879571B07A3B76629e467CD0,9,37,1.9704624456672932,632949.9044828401,1093409.4142799987,376,2
0x0562c423912E325F83Fa79dF55085979E1f5594f,9,38,1.963305838186142,383578.6301623499,994780.92601,673,24
0x2fF0E36eb9632A47C3EB75224BbA1F141A6346e3,9,39,1.9159809572252098,184320.29925982974,6537607.774760032,18461,130
0x351A72160E477863D13666c62ef1e7631B3940bB,9,40,1.8714739237512907,300215.47292501095,3177216.334762373,1151,36
0x9CF099524BBc19FC4eec032e50776613cC46257f,9,41,1.8464279389864473,173641.4796525042,4044692.4608069356,14308,137
0x025d3A53D2c21348aE5E33A87a29689c041Bb67f,9,42,1.7986497142851257,183824.7643722435,5775301.115042538,8103,95
0x10B30364936B03d26B3FD01a63D1f991454b40d4,9,43,1.797125456370364,321076.61918674,1305065.7624,536,21
0xd77850AaE118DBc2d910687CC03A7a50beC4b496,9,44,1.7711265138076888,174051.12836087047,4847625.901325748,6022,189
0x851422d133DDeee453988b3397B8F8A1A67c94cE,9,45,1.7676882960169187,123449.37071340086,14354634.027358675,87036,152
0xcd1082aa4b5f673FAf647A14B35E30365aA292Ef,9,46,1.7599091064946912,241321.24966232016,19429311.257941402,1297,61
0xfF30AC5b2CB4822A1B15604Ac90659ef71314A37,9,47,1.7460946980379202,242087.63328376,1893472.1346993328,1126,61
0x9D333d3122c0e38dE533B2E59343a92DF9e1FA02,9,48,1.7354915915522993,352379.1888414961,822693.1249248554,402,5
0x71ED0BC95433cdF1bE29F43219725FcE9addd9EB,9,49,1.721819722073592,155416.10777999068,2176989.2041953104,6660,264
0xB74711992cAf6D04fa55eecc46b8Efc95311b050,9,50,1.7102708564155467,184756.63921458196,2049558.093788397,2234,214
0x07b0E21FF4a623c20a9042AB89c9641deDFCf528,8,51,1.701928892315368,191160.32771866725,6763255.659937718,2327,122
0x5F390E4B7D6f06D6756a6c92Afdbf7b3176aa78c,8,52,1.6950858801163367,108357.68228890086,7086587.010202132,99615,215
0xcf0D7f69cF162918B33fC1Ea7449583fA537132d,8,53,1.6387025135341862,206665.91500299267,2659809.8988808147,1327,53
0x8640a770436B418149544B37F1E156A095b9Ce48,8,54,1.633891872743127,145486.39013956353,22364412.85788721,5760,189
0x3322Ce0F688bFaF275AAA71092ecCafddd752094,8,55,1.63308952412093,209189.60703421128,1360523.1030473653,1239,48
0xa964e78A49A9B515F2f8c81033fe819631748409,8,56,1.6166820689505008,127960.19282885753,4473152.868848796,10121,229
0x64F8D315efD2D03897A03985Fc42719f56952dAA,8,57,1.606174774472887,276184.79355315247,706746.4654654323,354,13
0xd42F6a1634A3707e27cBae14ca966068E5D1047d,8,58,1.6042906272180775,112723.90058975162,5894848.847342462,15577,366
0x0225d94CF433EBFA3114DCeE1Afb97aC25BB70d2,8,59,1.6038999329475723,215342.85987103844,827204.9998724615,827,45
0x15692550650de5817aF4202681A4E38dCf34bf0C,8,60,1.6020865842620204,222834.699613892,2572988.9677395676,771,34
0x8E9A8267C7d5A592288c5f1a35b1B2eA5419D83C,8,61,1.6014466573907662,131389.50995690495,6744932.199004752,13546,84
0x183a2A0b034877e761af0778dA5134bEbC37d514,8,62,1.5914286533523372,253851.30967263563,783727.1025176253,320,31
0xC88EB9AB98663254BFf489C515f39F23B76BF3e1,8,63,1.5877693239533097,162788.99501037944,5266774.565969998,3015,84
0xd73d208bB247d64DF5CC8ba3100aeE95Bc91213a,8,64,1.5868181542415098,266646.142288897,1755966.025582538,282,21
0x1DbD30000DD7Dd051E8Fc803FAC38e8246D9AF92,8,65,1.5745306555918597,112534.6082984084,9285186.32774628,15040,255
0x687a55bDdBac59DC6239E6756Bf4D92E9D717650,8,66,1.567578835008663,366324.3863450001,488745.67440000013,124,2
0x2EeF07265112701A45469eF756Feec9454241113,8,67,1.556516857060777,115090.25896513932,4812715.261259758,18408,109
0x9a73373B3F0E4aF0f91eAb0f1919EdcCb898f447,8,68,1.5484493637144443,250298.36073674422,1998664.1472965174,471,10
0x36f3904B018311bFD17D8390CC7ab22b4a77Cf5B,8,69,1.547417970751895,365211.57070340007,493831.74060000014,106,2
0xc2dE5e6f13D60FC5c98a5a805ECD1317C1a8f76E,8,70,1.5255199099693446,135747.42465887973,5511068.247658619,8904,39
0xF2F6aF4F27Ec2DcF4072095aB804016E14cD5817,8,71,1.5235291989320419,137794.60242287524,1793110.6182704042,3303,171
0xAaF4ACAFBb7980ce93631D238Eb10A5C4cA67883,8,72,1.51657777269687,118606.7617217807,3148151.258776127,6931,226
0xdb7513a3c54d579d64EE64C948C85D2f27620252,8,73,1.5039094354681488,217764.46937407998,1608431.1292400002,519,20
0x7CAeeAdF0421F75e60945A839B8716080891Fb5c,8,74,1.4834757974188673,289039.93436303665,2093638.4166433155,274,2
0x9FD67C137FEDb5f65B1E14337E491F69Ac6DB8A1,8,75,1.4767545882827213,113160.81879600688,2180095.0250945333,7533,182
0xb786b8B6335e77DFaD19928313e97753039cB18D,8,76,1.4742266956624455,114628.18944530892,2409469.2271441836,8598,122
0xCfdD6663018840621FA812Ba6043acb5B1FA29D1,8,77,1.4665187108898534,81868.25533646846,9470993.37469734,25361,683
0xbCb6eBb4368dd51722D68D25c740CdE2ef5fC7C9,8,78,1.435276916166577,236990.34144663977,1033423.2798606965,337,6
0x8E5a5D37A354F4E05BAdD0D9E91b519774E44eF5,8,79,1.4252743876824068,121243.79501240431,4238782.271159392,3320,160
0x18B9FF13d2564889685f268871B317E27B1e7D2F,8,80,1.4169004589822924,108269.69481252953,15908164.86457,33224,10
0xF9F5581d4D7a599b8e2f8D1b1B0e29CA0218227a,8,81,1.411972574878728,249384.06406166602,572492.8874687768,138,11
0xD7aA1eFD6Bb64014741244Bc5899f78d0978036B,8,82,1.3891955832382186,118548.29598185846,3275857.5890075136,6107,43
0xD68f18B3D24c1Cc7e61Dc9325aa6AebA59ba0a13,8,83,1.3834055140493413,242612.08933902,1640661.0385274882,205,5
0x2c3eAB37A5bfeeBa3c8017049613D7a405163d75,8,84,1.3653836568695177,214964.681945566,723425.4197695686,343,6
0xE639E41094BBEAe18f3e6d1790C17299183F082a,8,85,1.3443642420354867,147845.00618207,2744613.3945899997,907,50
0x288109f7D5F4B59A27D5781ADF7cae28288DB303,8,86,1.3341791663165914,137911.97098457997,700803.89956,929,88
0x18639b3A9cD2FEB9cfF3C07Df6CF83E3a77BC2A3,8,87,1.3317948221521703,93473.67350908546,2259060.2590484824,7518,172
0x84c8855a9c4Def842266eCf7e7533040E2A3f4B7,8,88,1.3315249123979946,94190.59197919871,2904653.033992961,5380,277
0x0e9B9cB7Ee710B57FBcBEFdcb518a3a986a16e75,8,89,1.3310420374682645,182764.11278363003,1619096.6470589996,610,8
0x7058c8A7CEc79010B1927D05837Dcf25F1A53505,8,90,1.3248402793491665,186832.53133689996,836271.1988990289,394,12
0x75416EE95F80713B1c177013d028e47c7bbFAD86,8,91,1.3239274962840346,73290.54503786736,6774267.725120001,38266,139
0x7Ca5e8e735d1714104A534c9F39E2a29ab116139,8,92,1.3227441622245026,90220.1629903412,2444520.4969392684,4951,447
0x1Ac1FcbD400BC79e4Ac5ACabb1CEd879eA9c4DF7,8,93,1.3004763249651603,135863.37507182654,2486239.7902794075,929,63
0x5431A20c76D561eced1b492C18a2A7229Bf447E1,8,94,1.2998272204657448,117950.80978291994,1585107.4089239999,1738,101
0x0DaF9707397575B67DC9EB152c9e6e3f7621662b,8,95,1.2819805823481003,227508.18642518303,621584.0864852476,173,3
0x37458262Ba1C521D3F3cf9976Fe95756d94f89A0,8,96,1.2819655007359338,69090.5060380638,4307544.816165534,37671,146
0x6d57dA09EF86a327524853b36fBd2E39Cf0CBFC5,8,97,1.2816684585590359,125506.72292190797,780540.717929827,939,111
0x6e4EC81DCe3C1C0713781bb392A14EC5Dc50eC98,8,98,1.272861148217848,220933.56978042005,499402.83040793054,193,3
0x1F64f2739A19Fc5cdFD7C3F50c42463aA8983E82,8,99,1.2680906469220932,65615.7943943689,8274674.468929647,27191,361
0xFbfD14Dd4Bb607373119De95F1D4b21C3b6c0029,8,100,1.2428283406156693,79145.56144007055,14383938.668007609,11129,146
0x1C3Cdc2Caa24eeB9434100F82ac32C22A26B1b01,8,101,1.2249485078530138,147452.5097677475,944995.4610227928,543,21
0xd9BB117f18C8eBd225A4EDB8FE71ccf7634B89ED,8,102,1.190599431566485,67143.30349582763,1597426.7346681305,10106,475
0xA24493DD9beBf113A04E5aA7D5cf5A65a878557F,8,103,1.1663226639503945,98625.68583081628,1841587.0926471064,3330,33
0xe388e29D4fffff222f6715510f85bbcA68eff1aF,8,104,1.16387028535599,67798.92390022716,3766021.6801307118,7015,533
0x7dc64A570C7b76831Cf25E31C526f2337a050fA2,8,105,1.1544536919508501,165517.56838915998,574752.13164,372,4
0x5869E74970B00EAabeC8215eC77e40b559FFDf51,8,106,1.1446711547119977,139940.0219527771,1579207.4429375036,501,13
0x53b233ebD85cfe9e96CC7f35F12085a992B5A165,8,107,1.1354722840347549,70520.9239687326,2400272.1883717543,16526,54
0xfa53065aEDa716621f6E2939Bea2a00D75CD0149,8,108,1.1337868642888544,143508.98188121227,243193.34907267094,406,12
0xC3c3b3ef304DdbEA39fa2246e683a71Da5D0eec8,8,109,1.1291945452226468,146121.56611446003,426224.4267595,249,21
0xFE911A4e80eE71b47cd1eE690733AC4062E970Ff,8,110,1.1259163010451338,62297.66127194578,6211453.880208918,15783,195
0x02D2b4fB6e7B8176fE70a103304AE4cdEB8CFf27,8,111,1.1237235080925059,175334.139811387,555236.1056054251,196,4
0x225A15D874b0C64469D01E0845D6DBea31f40948,8,112,1.1228119903005815,66400.79902590028,3716896.950477435,6785,386
0xc6208602D8a6295983eBfE0b0Aeb51cE92A82da3,8,113,1.118917005433979,70220.39018466012,7812265.329519997,8886,126
0x482BF5acCdeCFAffA67C14d4D4fbb59f428A3266,8,114,1.1188924319005797,69954.18490744103,4962509.68364077,11344,87
0xCe0eBBbfb38bABb8951c413F77A6E7D543a90D92,8,115,1.1127548206170148,180727.80208660124,600311.2545263574,221,2
0x675f929B91B968EF1f48Dd6C130Aa5D582739E0A,8,116,1.106096050846822,75505.53512699217,3555324.371537166,7803,59
0x4191281bE6a740BA59FFfD4644199F5A3514F02f,8,117,1.1042973345608869,71061.58261374995,2514017.897049999,7891,109
0x448861155279dBF833d041b963e3aC854599e319,8,118,1.1002751906801573,115227.8793169893,493555.2979725632,577,44
0x3F2Bebc298D6AaC47c5ad5d49AC7D363c68727A9,8,119,1.099464838240674,147554.5113971184,582954.1550629506,280,10
0x5d5C29E8961Ff6AF74faC20a867B58adc95cAc2A,8,120,1.09673737462643,221961.3738083522,426848.7896370019,51,2
0xd5F52231d2af24BBA8021DBD102C2bddfBefeA4e,8,121,1.0957221760576696,84774.94207351,1871245.2714800003,4383,38
0xCb2952fD655813AD0f9EE893122C54298E1A975E,8,122,1.0933183968173688,176524.0208267451,398452.29043210606,217,2
0xd1acd3925D895DE9AEC98Ff95F3A30C5279d08d5,8,123,1.092697877248845,70926.96464484849,4218983.581205815,4184,273
0x676146D7F28F2cef63419A60BB1fb4aFEc5DA94F,8,124,1.0908822039684976,97219.99902635001,2589221.4973700005,1530,47
0xD28E607B987dcA18eb4Fd06AC81186D548C02F42,8,125,1.0847014381162454,96884.8050512449,1924385.5061558124,1065,82
0xB14204b99B7F3dB158fc013bCB19751998B7a441,8,126,1.0843382265835642,140818.23495106012,671861.8714799999,353,9
0xF6fB8D57aE8e56DC97E807a4Aea0CCeC6e36581C,8,127,1.0780714822125126,81674.15546871594,1093343.6920728404,2202,140
0xE1e7036279433715711A65fc3254A8AF558C5fB6,8,128,1.0752211780411824,85259.68326330098,1527413.6483283883,1820,116
0x5225A8dd99f18903ea5A6df2c259ce8E1Bead16A,8,129,1.072663316827685,139962.38363501223,500212.76192783646,255,14
0x4CC3522B689A6Bf1fB4A2444c523e7776DB47552,8,130,1.0705544047794733,59033.37576956258,4425876.126459546,9482,365
0x4eCf2B491dEd63B43974dDA57dA82B485201efe8,8,131,1.0683572666193641,69357.04155214045,1593394.0013159038,3348,354
0x226bF1220731Af372b1E7D572959414f31B4cad6,8,132,1.0654626910421958,122601.8413386629,656908.1622095495,351,31
0xd1EcFa3E7D221851663F739626Dcd15fCA565d8e,8,133,1.0636190352820643,111672.17980792998,780444.8470299997,568,37
0xaf72A6e0B12aa48B7D4380E8766d70EdD8560Ffe,8,134,1.0496452417444253,110698.8078853008,1569443.3591106918,790,19
0xbCD6358B674834EC8101c238EC0d52540f0C0790,8,135,1.0395443335840837,130531.9721800556,548623.48949986,328,12
0x1d5638f947558aAF585970117719E8541247F960,8,136,1.0269665604941227,169635.23540477268,596191.8051453993,104,4
0xC9FaCD2c95eEFE7dA407494d94C38dFcfB40d4A8,8,137,1.0200634099184198,100975.42146148563,1386424.7341448243,699,41
0x53e55Bc7cb3d67Ad177c023CE891Ad076a9d6177,8,138,1.0067370297182674,119719.72036853236,572394.3716286339,260,28
0xEb605092406f037927d64d529b3A9CB9cbc7c6de,8,139,1.0064675839460238,66057.34724693601,2703008.299989235,2903,307
0xd69Be738370bc835e854a447F2a8D96619F91Ed8,8,140,1.0051292767015323,62637.660012085,4540868.333219999,12814,44
0x88b59D79b6E1659c95A0043028E5bb7a26e6205c,8,141,0.9991423963588375,83090.63893927421,999814.5242370111,1206,100
0xCA23F2F702140B5245C517aeF5cD9888a6320e77,8,142,0.9830375302286101,175757.5738408495,400100.70999803493,85,2
0x5b99657e7009724bdF119dD44d896FDa6Cab5C5A,8,143,0.9806741465802238,69393.99553672528,3996744.2019734536,3425,93
0x62D2BCD198bB6eAB8b7eeB9D2061815dc02b9eB7,8,144,0.9788300493371791,63777.85336727311,2618385.2809276264,3475,221
0x4f798b911568Ff98E6E05C6f32bB62Dc1Ce9020d,8,145,0.9759584463794876,125545.20706171429,454216.9534441276,190,18
0xffFADf38a520cD5a0035FF52d7FcEb436A08864B,8,146,0.9758458968616496,72572.77865125093,7887328.243841064,3042,65
0x33F6E35dCBE0D5881f19d723335f87CB56F68003,8,147,0.9733848719525626,155202.3625733088,204057.53229764284,137,3
0x41622c7CAC6B863C7CD2f78631f2d0cCC785d815,8,148,0.9703458709581176,59353.36866775352,3261027.951197026,10810,63
0x6597282ce8D8B81904621E6F75c9f3882A3BCA42,8,149,0.9695822260586315,155702.8646738852,602576.0938581646,86,6
0xDcb20A5C24aA616747f19BeABfF6152C69863e05,8,150,0.9685176180059908,91753.83901885997,1986357.7789399999,975,31
0x107dA749440b3B6d0365AA1503aB33692BDfC8A3,7,151,0.9636873323479751,93919.53256765,5176417.659769999,789,32
0xFA1991cD8082174EeDce066381c6565D6fBd4f3C,7,152,0.9615943916998153,151979.02521499956,450906.82999133243,180,2
0x80C228786e4940904Fccdd54999edce5D3cbec5e,7,153,0.9603471272645261,141315.70760255677,279288.7789403074,125,8
0xf6Bf410d1D1Eb17Fc4aB8E78B206892af81E1554,7,154,0.9600092267367828,60582.67127638291,780434.1511710146,2870,404
0x1bC43da65839B3B507f423F524cc11004Bf031b1,7,155,0.949480593119935,62398.42781091763,1089172.7782259092,4222,131
0xE5a565a0564dc54159e503CA74925835F00585c3,7,156,0.9445378705445429,200427.31527786545,453486.1099965796,26,2
0x24F8474bAFCdD8CCB5689235b81911C09fdbE07a,7,157,0.934742086414398,168714.65888723,388467.92937,57,3
0x4e56f1ddaA8F5328036C449b89e731ec748CdEe1,7,158,0.9305192900860432,64469.52673927757,1361726.444554795,2937,128
0xEcAA8806A9A05049d7d5260a33dc924220e377A9,7,159,0.9144488323255628,65817.64687530532,781870.5924977361,2108,141
0x578D665b6dd21abF12A393579699E35a2686Fbb3,7,160,0.9124577940227583,60727.83586936336,2249146.0096267373,4546,90
0x48Ae93E59028F2c67E7535573B7359642f3A85C4,7,161,0.9109216797633614,110174.04646992487,535091.0376042452,303,13
0x64c1a51CA98f29C47517546BBdA6Ae505702dbeC,7,162,0.9073282885154565,73948.48521328079,3006178.519792301,1493,64
0x58a4a13d2b427e81c1d65393e4792aD934775f32,7,163,0.9068608094468855,71053.08379063837,782923.1598430085,1434,105
0xC2363f45BE17b7A7D61B86EE15FA1616Fc29a47F,7,164,0.905406232953851,45803.94699004913,3763718.0169161838,9298,521
0x4f0dd7fD254d1145B0272e7D4C8d6fD00d117492,7,165,0.9035371850454227,117509.10847,287861.3364,250,8
0x0435c4f3f81821697377c3e51445a5AF8d217ffc,7,166,0.9032640739002911,126752.8971208,285355.02781999996,153,8
0xED883392A38a09eFC3c767389A2E2A33414e2ce9,7,167,0.8992276688826614,113310.50248100002,151143.22950000002,252,11
0xd197e0A8249A9f1f503f2DCf23044100D7B613F0,7,168,0.881145630686674,100773.66706774925,6690668.742790001,657,6
0xf4f3476Be6e5B2de3A7E1bc849ff4B047bEF330d,7,169,0.8752477068478055,62110.21383080224,1880374.0009687776,2358,123
0x6F72FeA92844C87b9D6683C415e7cAeF70eE83ad,7,170,0.8637455028505967,62495.41405607002,2219678.222728231,3304,55
0xBb47319759DaBdeB0918ca38705a4f80B9d4069D,7,171,0.8636050497526538,58177.70945602708,1151094.3176730587,2680,170
0x42Cb730fd89AB159c1B85fBB5412f2e7DA318412,7,172,0.8613986605928228,60417.99609408519,2217627.6588785397,2264,145
0xba169137788e4f1b86d2d22a45986191d86Ae4C4,7,173,0.8509550097300986,77140.80966237972,806903.2527789748,993,35
0xC24EeAc1375c0B20B67091C57d561c7371CFd5D2,7,174,0.8499396867925773,65401.05427804326,1086576.7518201764,1861,72
0xDD42ffB8AaBe818F7538D93c175a9F9E2DA9990d,7,175,0.849016326412654,60462.49645311334,1647356.6045058435,1966,152
0x915bdBE3d6c8D66a8cA8dDf1456d53a26892276d,7,176,0.8484966387624058,46770.35274299078,2177546.6161104124,8306,217
0xEd107a85a4585A381E48C7F7Ca4144909e7Dd2E5,7,177,0.8458417220082227,67689.51794979343,4868555.857224785,1361,79
0x7BB5686910e22C4348265Ab86E38B06F7579db04,7,178,0.8329287184306531,145787.37631553394,382364.5065876415,60,3
0x05b3242BFD05A0F46fa97bbf4AE135eB795b71ed,7,179,0.8266200982064354,59480.082410705414,1119634.1662085038,3606,47
0xc7CE25b3888614877dBEa9A030dFE7171fAE3AD3,7,180,0.8239809032620294,116328.86052691004,317340.8432900001,124,9
0x11657c4aF14822DA1A29b6A906Dcffbc865489E9,7,181,0.8140869699144455,107251.28482892997,1224274.44085,223,7
0x23667B70fc50D98CA3699F516B5D711486E9C6AD,7,182,0.8102044229357481,85642.48913269967,184262.51028618746,332,39
0xD5fA1668947efD7914C13E0b83876435baeb90C0,7,183,0.805736633526114,59470.03535586996,885683.3878300001,3309,40
0x571dBc37082936B2Cb4a26E0D85ca835195D19d6,7,184,0.8034638724764624,127888.73332466,303450.9325000001,91,4
0x2A21da2E20FA5B69381D7d44BD73f879C1AeFB6c,7,185,0.7953951412050662,105715.76111971139,405829.3072845318,179,9
0x1d04d5B13bA31cA6F3B9526DEd9Cfe43519ceD05,7,186,0.7933716039951899,80011.47801025149,840738.1462184461,466,36
0x85b8b010aC6e24a23625621724A15513C80D6b6a,7,187,0.7878482702235655,59477.83793690504,1174318.3681059016,1300,148
0x509587cBb541251c74f261DF3421F1fCC9fDc97c,7,188,0.7757298089829587,58673.60386054946,1455981.9397091866,1453,119
0x5FC814d89C2AA979bd987add20d6eb39eB0439Ef,7,189,0.7721378069988111,56742.27278278958,1031608.2337487775,1554,145
0x128A251f2300694AE6eA9D77E076eA8EA4E097c2,7,190,0.7654034136608542,100858.3353953201,235463.6599896801,200,8
0x332F6e6b727C5737Daf97CB9A032883eda341EE8,7,191,0.7629694486472309,113243.92433974697,299933.94999751,166,3
0x6423B7a1769515d92f7068DA60AB5E9cE81eCb40,7,192,0.755413251371699,43239.171802031444,1492062.0846974987,6368,202
0x9f2a558F07cBb72E53D00DDFFFaD8F8d907Ec11A,7,193,0.7529910921173819,126240.17492136601,900074.7920392787,96,2
0xbaB5CcF8609238d266346629d833ebfdFfa43754,7,194,0.7519367736887648,76655.72936348648,358425.1360614111,414,38
0x76ccD18183a933A4a8E6Aa5493A7e629479E9dcb,7,195,0.7517093958111756,110447.60819836843,522456.21972649475,149,4
0x7523cafCEe7BCf2dB9A79d80e0D79b88a9a54C4C,7,196,0.748375601354458,57833.290746944076,4854793.7276019985,1651,75
0x2A02930F8897bB987007B23A3E081D2830d64d30,7,197,0.7451584183379002,53460.359019070005,2483120.962209998,1950,127
0xba00940292f489BC655FbBE5ba1e29ac3d0808fb,7,198,0.7361633728338648,45878.637823291094,2498352.967932828,3795,191
0xD9Bf7b3d5381d1eA53DcF2d76e45B3Fb7c84a964,7,199,0.736148608467952,86887.21477155524,490165.00083308585,259,17
0x0C0E270CF879583d6a0142Fc817e05b768d0434e,7,200,0.7278285837581022,56446.01926183904,1827079.3272364012,1368,99
0x00885465285511A69a045C14BE134feeF7607636,7,201,0.7230366969735401,53596.647638712566,1092983.6770977871,1703,112
0x4df81d35F375124A59dA17c91036D484261D1393,7,202,0.7221997102700015,86560.06496492896,250689.2219831901,253,15
0x12718Bd46FEA5BAcf68548d4bE30E8692E9Eeb5a,7,203,0.7209891419121739,101459.12924504,553382.42992,108,11
0xF9E60F3fD62105dAc25F15643979BD59EEFB53EF,7,204,0.717060213455909,117822.91653139776,261813.080314563,86,3
0xF22074c8eA28A3c4567051736344403c52791C08,7,205,0.7114430274109477,102994.55722371003,1007995.65597,144,5
0x7D8Aa70e38d7f55Dc811679649d0Ad499941048F,7,206,0.7090211904071619,69553.76454119998,585529.28784,541,37
0xba2cB3168709dc3880243586448D6D67afc2bf17,7,207,0.7067169417277713,83101.59014671,369149.47018714284,223,23
0x6139C42E48Cf190e67a0A85D492413b499336b7A,7,208,0.6979738537400937,49944.318480976646,1790558.2665000467,1905,138
0x3c918A8EF8C379304F744592120cBb4D76149aF7,7,209,0.6840700832378102,49139.600631136724,1711130.908138296,2066,117
0xa8e0F6CD46306617F7b9d0897fef215fb02f1Dd2,7,210,0.6839386622378191,80548.33484398498,244997.71274000002,288,15
0x88BE136C40eE4151eFc26D08caB7ADD22687AF57,7,211,0.6797000599394238,37900.97946447072,1769098.2495898874,7302,220
0x3649EBF22E9280D2C63B86f8Cb7F6FdFe4E4EeB2,7,212,0.6778231281945555,58866.86974090999,768535.348129473,708,91
0x6356FB47642a028BC09dF92023C35a21a0b41885,7,213,0.6764049862875925,35694.11575074139,5849242.818147977,9035,281
0xb1a279aDB096d316b1B168993e8ED976d3Cd372a,7,214,0.6751858225655363,60150.191938911084,1037020.3268595203,756,62
0x79eca941f959ebaEED8eaBE5C801209D60909e7D,7,215,0.667355198341151,38811.719198021914,2220994.9020800004,5505,228
0xf7EE6C2F811b52c72EFD167A1bb3F4AdAa1E0F89,7,216,0.6646922700149172,45162.51432695994,3757928.5953600015,4223,66
0xEf7B64A1fB27EbE99c2e92310601EAb623Bb8B90,7,217,0.662219879500056,63829.74496214078,577459.0340081507,829,23
0xb5477b949D07a04B3C87B81e8DAd225A93F68235,7,218,0.6512163509974022,50882.18540198058,1825378.1522996773,2075,49
0x127a0c4D99C9ED64184C6DbC9187533394D405Bb,7,219,0.6455609649705456,41034.42410092885,7867129.064540315,4316,136
0xd0e85E3EF5B2F5f114B1D30019368aEA920Aa7bD,7,220,0.6433567159742786,73367.37243901264,190202.3172271737,279,24
0x55306EA9EF593aD1B493296B0a4d53E704C4de93,7,221,0.6391370936726702,63108.01209939112,597942.9727113148,541,38
0x778f6B920F7B96B0a76B1711b495e429B932E2c3,7,222,0.6256340198719909,45578.477845534966,1559376.1935049992,4705,28
0x1823757D22022f81a8FA1536D63101FE458884d8,7,223,0.6205255059940062,91791.88040560999,477779.47395,185,3
0x931453d0EC1BbF3C3AE620bAA3133F39287c1E98,7,224,0.6190567597162498,61425.07582504062,230619.71551689022,532,39
0x8bA7284cA01874a7C0b9E5bc279Ef028737584E9,7,225,0.6113981910228226,105167.48549830767,608622.3942264301,71,3
0xA710F0EAe9129dF28A52e886902C443364004173,7,226,0.6040995058906976,48995.47660546007,2079145.223758,1282,83
0x7030Cddf87f55CcDAA33C8BcFB4BE8e9083aEFC2,7,227,0.6008193592408956,53613.33393011975,897856.5049172068,1002,45
0x51283455a0E9Cb675f92cdbB83AE67Fe44335633,7,228,0.6006873777485551,102091.54216402998,316440.93025,66,4
0x7CC618Ca9A1Af6b36096def79Cec3dC5d3A127D0,7,229,0.5994957108828185,116957.86565527943,240412.77379797786,41,2
0x1534A4F7B225E61c91290F2aA90a5385b1EB9D1a,7,230,0.59185047055637,35128.67960413408,6142227.153709819,9097,95
0xB91115b26124Cd814f28d534BFf4965e460D7935,7,231,0.5917909356728078,73699.82468245004,451049.8563100002,393,6
0x7D2D665240Ba4415eb74aBE246105c15FE1a331B,7,232,0.5902235192678835,53809.434678753125,1647542.7884309434,848,49
0xB7d54Bf1D0a362Beb916d9Cb58a04C41D67e0789,7,233,0.588906615909695,25952.22204875744,9911198.120074814,282363,99
0x0131459EA0E40120bcf232bc46E2b60030901B71,7,234,0.5802830928481145,83059.71987599996,160451.5565,209,4
0x8E59B4fB3003C9aB2D529E36ef02a5e070FCaD53,7,235,0.5800530501014303,108843.95791362677,716788.4418771669,55,2
0x55910c4a799627e2D5e30b9d405983190c34ac7A,7,236,0.5708000229867836,53892.37520153195,620537.9800865939,880,34
0xA21E37Ac5eC283f46A2C904151a70318c226d3A8,7,237,0.5665527292225003,69691.19599544004,575052.0814000001,228,19
0x0e96594Adf59996C050d15e670933227627495cb,7,238,0.5555740354741143,34344.61330301003,3982625.3072640016,7138,107
0xb083AE2b6E44bF7fBA85611a9c36950bBEc6b3F0,7,239,0.5496990946911757,41116.565515409486,1497006.9075664426,1891,130
0x95395d03b112bDad85f415684823196A943d0619,7,240,0.5454501226556827,61854.386393429544,215997.36809125854,397,20
0xeB25989DAa631877D17D5555A3386e2cD73523e1,7,241,0.544912809363016,90180.70497783672,174729.55959768136,79,5
0x45580feAc3B916a88B7513929e26f86B3AdEA2B3,7,242,0.5377039688453883,41940.12125553831,1057276.6971199694,1628,113
0x0488087C529B1eF5B399B3D031d7b51c9A46bAb2,7,243,0.5324588187048256,80445.53908009052,541244.4501937424,112,8
0xcCA9b929fAB848A0350264bA6fE99DcCf1df3936,7,244,0.5244763690398323,41289.492058549964,2360387.634249999,2408,57
0xC1F41271C1BFaC63AE2959C0EdC6b9163c2967A7,7,245,0.5158476114047519,39308.44622313019,3960689.854236297,2585,76
0x69030513d960649b26150F7dc59197AE59263288,7,246,0.509645526037372,36634.24779042894,2828289.865682876,4233,65
0xb62351d8F55932A40759a6Fd5BF3a32F708bbc5b,7,247,0.5072590932924441,53165.048016260014,1108841.25413,428,52
0xc200069e35B24B45CE432Fd9A659675381343c75,7,248,0.4988383638377569,62426.8901239397,238570.97305093784,284,16
0x06774Ba2906f0e58E7ea2D221B1d55368C9d6C27,7,249,0.4985165492789978,49686.37158861661,2353890.8739842013,581,57
0x5220f046b1C87928C60c51666789203fCE7fA413,7,250,0.4958425224272308,58089.9781375153,279704.0946944966,330,26
0x4D03d50D22497C2e1DEa30a73861e8c684458837,7,251,0.493356355104694,49447.24874550004,859129.3790832453,545,62
0x39756CbF5E61e905D7D9dD95A66627908Bf43395,7,252,0.48960690463348083,37132.31165415002,522555.82976,2666,91
0xdb38fC28f56B059124e324A65461CD0DB50ecE37,7,253,0.4895324276277737,78818.61339259632,199861.83858996525,95,7
0x2e887cF36BC32532fBEfa03B3a8Abbf77D006fA0,7,254,0.48802188613097985,42770.461425644186,1751127.4758026993,1140,80
0xb9bC4eb82E22DCF556248B5A285eEF02dA8f7c9c,7,255,0.4879231851096886,25982.071645550182,1307691.613976674,14942,236
0x53d8296a4f2e244D3d55A91c1f011ACE148B3B0F,7,256,0.48750109673332137,39655.272852574635,1025419.50930767,1968,72
0xD7f6ebDf0235f587154E2D7D38f9D80568494993,7,257,0.47890213059787046,32743.175493631574,2351388.7395067355,3622,182
0x1Cba7e44bcfd5Acc4513F554AB9E86453D086A4C,7,258,0.45956036761385816,33281.3105801949,2415529.7572213677,4518,79
0x260D5F4372d2E2e31A675D5a59C4B9332857B632,7,259,0.4579047714202336,41513.983395402014,391988.9039359996,2663,17
0xCcAEc433BFafC74f18B8544Ae42686484CA437B4,7,260,0.4574488263027683,33852.92206130431,831839.7469474948,2653,156
0x7E507842c280238A62301146A592A27486D82A28,7,261,0.45171992653857046,48670.34871944723,619394.486321763,579,36
0x6828687251A44Fd0d817bB4C7364de5dAb95dbB8,7,262,0.4514941528436883,31857.469709430366,1906608.002122233,2937,233
0xb7775d1337cbB9652f3E6c469473bC3b6F0e3ef1,7,263,0.44295909461336835,52731.86900020001,409270.96066000004,397,25
0x684bC3eB000bFF0979D14b60CC74861736150601,7,264,0.44060601392695664,40288.414288314394,745311.8426990403,1091,82
0x5d4D3800cB347e766C7ADA814Cf0EDdBEAf24A91,7,265,0.4375506757901836,38422.97083011299,1273057.326479727,1432,83
0xa42382CB969A9e5bc189fFcFE70537478C6B79E8,7,266,0.43573921248702824,95162.41381030322,587251.2453292661,37,2
0xea82817817648aECAF674af37abf908c0c0e14c9,7,267,0.4346371462721185,77313.37099819999,690793.7333199995,140,2
0x7bDA5bceaC127C3fc41D7fE7AC335593aAAa121B,7,268,0.43396281917405893,44069.37407245108,1852298.8251099694,824,45
0x203bb6aE036DE0256E1Bc649220482fFfc55aCD1,7,269,0.43392132400165295,36823.834034862986,907644.1888599994,1674,96
0x57B3aBAe7e7392571396A4A91BC1aE35bBDD19D7,7,270,0.4332732389293189,29754.53831663863,1300223.4523209904,3193,325
0xdcdEac90CaE026bb06a01D33573Cb23254ee77F8,7,271,0.4331225859594544,29488.41466005288,1023953.7880915295,6046,122
0x8473AEb6EE054bC1421816b0C812Ea6600C254D0,7,272,0.43292453517316937,77393.332984,680962.6159999995,137,2
0x0f5A1c28a137b11b388EBEA03308B34B20F45A35,7,273,0.42904104483135264,36624.05876318252,1081309.3865565986,2004,70
0x43AB32aB28B8d90372c9C8D4848aaE73Fbc57B95,7,274,0.42877700979842753,90541.15845638001,218130.57999941616,48,2
0x7821317090705c46E50e1e5B6C4BBFf22deCE564,7,275,0.42653331807642564,50070.26583699958,1069451.8303174525,431,30
0x985Dc35dA0768D1f10Ef4ef9D25Ba0fA7DeC099d,7,276,0.42626111966785685,36783.820039517515,389640.3926724391,1200,152
0x694bF5ef25C201288D123614331e40d5b766C63c,7,277,0.425416076595754,75152.1642709815,197808.6100457893,90,5
0xF0F4a4dfd89B08c45Bc56A7beF092580251D5FD8,7,278,0.42371331791208533,40491.68824035359,639375.1806949204,1222,50
0xadF036ffc79E57efFC3b63CA6B164fEb06D4834C,7,279,0.4233271379624848,53348.07990307227,144754.42448692815,254,35
0x852D53b1691F79A4767FD311F602B891469a2B6D,7,280,0.42015807508390396,51317.42864725254,701348.1491863343,471,18
0x5a22d24adD106e39482912E49127D2B32ee676b6,7,281,0.41785968335568063,79742.99941599998,264407.2004,99,2
0xa9B44DCa52eD35E59aC2a6f49d1203b8155464ed,7,282,0.41499709689978487,30697.369259780986,1994640.2530629886,2986,198
0xe3da3B9C360FE7313A7A9fA22DAEdf7d73a4A0F9,7,283,0.4072141919364254,43784.896128240005,563664.3005899999,1421,13
0x147D15AB6aD449428EDB1CC99a1156897621dD02,7,284,0.4027395861653774,26724.865217290568,7040056.287184514,4669,351
0x8258418b6998374DED31Ee1c77C8b07a593dF208,7,285,0.39404041637083864,48335.84262710358,162480.39787825735,308,48
0x47bc8458d60154C8a17C2D8CE332F088a602Abd2,7,286,0.39036435771049305,44073.36084034999,742361.1636699998,516,52
0x39c7C5541Fe7b58E561D306E97B42e7BdE960bBa,7,287,0.3871139850373354,53865.88029326,383260.45037999994,180,33
0x20322d5aB3cE70a98eF4c484c62a94147217d577,7,288,0.3831301040524717,30890.253458183364,433666.71263870836,2700,137
0x476252092Ac79Bc63Cb14979A7264F96F91800b5,7,289,0.38274442189669505,35438.76083665198,1536971.0943245532,2148,45
0x5bD47226D893042b57E4dAEcD4E494BD15F9d95b,7,290,0.3805891646822479,32719.058652241907,898086.3466235888,2471,82
0x86Bc0056bF3bF35E1013729E7435a51c3c8d6B2E,7,291,0.3789209128534155,27168.3692364064,2068441.0478088113,3192,392
0x482b5fa9e724713ab498eF47823D5800938d7aDD,7,292,0.37676161878758013,49680.561253196,347307.10820739996,461,14
0xf9f6Ca2041fd0de4bbdA029c8F9Abacb3cdbe688,7,293,0.3761671752749289,31064.446674954695,487695.0859790486,2989,98
0x046B4473e6ab12C210269691e2F44eE158A2bEce,7,294,0.3760278783560828,95121.168134884,109991.423948,22,2
0xd3989BA133aB48b5b3a81e3DBa9B37B5966a46D7,7,295,0.3706396044233925,30260.105251501584,695641.5340471095,2407,173
0x6Ef3BD71e0133A5AeBEC7621adEdC6d48c96d8A2,7,296,0.36778672645208754,53833.54672835394,158853.2386337275,310,10
0x12eB07C208F7AaD142Bd7976545FAFe1cEb83519,7,297,0.3577904237293587,32062.066429948085,1625976.6939478356,1557,159
0xb9348CB677EA7e284c8281996ae5E97018B1415c,7,298,0.3571056746173342,64110.619682758996,273176.6477574741,138,5
0x9E75707f50B7Ae6ed0912612FA0cf2aD7cdb882D,7,299,0.3543064943760022,30950.477984289046,469237.6595151174,6309,21
0x399F02dEfd3D3Fc127AD34D5c802A2BE1D42Cd4d,7,300,0.34593852182157575,73365.65406298205,283238.812988304,71,3
0x275575bB11522eB29F82FE0A601d7c4dC94B5016,7,301,0.3445648936059076,58004.05582897,212535.59104999996,128,14
0xE9c71BADcc262756436375dcA256714fCA5b7249,7,302,0.3440778059644877,47401.41733994002,1124544.1256599994,287,32
0x09A6b1dF83089785f9a34228f1CFEE5042fdCddf,7,303,0.3414737924613575,27929.206638558655,930584.5106436184,3035,182
0x1B45b1a3CeDcCf21862eDD86a58D286305d4Ea09,7,304,0.33921530486674567,68711.1124646285,620132.2699092407,130,2
0x18c1c7E5867E8b55334d66186F36cF1E1Aee3A61,7,305,0.33406135503702955,45990.38445927794,1359121.42018879,522,14
0xa20CB1c8c28371502395F92Ab970cE256ad83a0b,7,306,0.3329422051073203,62472.145774274846,249392.0975728126,132,5
0x81E639365Bd144b95a0007dAc7b2092092C1BeB9,7,307,0.33237659175218354,62796.29126532475,284370.37151362875,114,6
0x1d96e1b268476B0c08E024bc88335c6BAB45ED4D,7,308,0.3304342840322668,40456.10176869287,248486.89042675152,586,44
0xba799f70E7220333ff2F972871D5A6A88684230a,7,309,0.3240038746631152,42932.33969323999,564317.98564,440,34
0x7aB4F61A7F653543e88c92e31f73E09825ac4c55,7,310,0.32279647828392444,42318.1724733552,239059.6158990359,675,19
0x8fc775Fa9cB390f18515c07e271343118bB9A4bB,7,311,0.3165135270052809,35869.12525397779,346023.35753972194,920,62
0xB0920E19889ca002B5C813fBE4C955AbaB8D5aBF,7,312,0.31634486423968877,31487.110734889982,934637.6916099997,2052,66
0xF6aE6dF55d8108B2f22A13e14CFbdCdf62630439,7,313,0.31513547680018583,20711.90506880173,2583024.6064346964,8485,563
0xa9a2B42e14D599CebEcbfE6b9f6f5DA8a94c7F41,7,314,0.31350248078158965,65064.52498568006,531656.8976999994,116,3
0xA9Bcb16655739E2f2C3C6Fa280e0c3A47E118b78,7,315,0.31199880581784234,20888.032329414826,2423407.5498320805,9810,384
0xa46406A88fCf50564aB21c7ded1A08b2Eb0433Cc,7,316,0.3091385556120203,50674.60829580221,188640.89849254512,259,11
0x42A6dDF7cF7032972b0bfe32775e8109C5171B64,7,317,0.3072407431049584,28431.342579123717,2556636.9545447454,3729,64
0x6798464872c46B70CcBA9c2B31c3A4EC3bAa2d38,7,318,0.30707330211979356,27120.558501253054,3303975.33400717,2590,197
0x06960627461629409a087AF6da50FE4D38d74f7E,7,319,0.3045442600339434,45183.14570263812,288645.2346643734,306,27
0x1aD9c3BE29554F4BA13B24d79206d3d2371d4760,7,320,0.30423438164751476,34253.88300732756,278280.095992805,1035,70
0x09ABc5845c024a4F9a3ABFF29D95057E6B20E832,7,321,0.300786842602005,53433.296677541584,130090.2546167134,171,11
0xA5a5c488eb9a0f3889d61340f933dCd706432e84,7,322,0.29970297860047457,21302.848927233175,2561032.460478689,6037,586
0x45d77F9E9a3215fA5AAF74888ba22348C340BC74,7,323,0.29765865118305984,67110.41600247398,235273.59637952936,50,7
0x000D257d2Dc7616FEAEf4aE0f14600fDF50a758e,7,324,0.2937260188331274,29736.498976866023,4317551.055068557,1699,121
0x613BFF13E2FD9489359899db604940d83b808CEB,7,325,0.2916349956032836,34033.113142024995,379442.6889300002,1140,53
0x897514C38477B6B9c756cEBD7B531768cac1E2d0,7,326,0.28979767517037575,27651.08067359052,218449.0013110489,2215,161
0xb99B55283408FB4A6BfF30da34FDD1b9cd95eF0e,7,327,0.28791469443795537,26464.57647165861,1475980.3961162872,3706,106
0xf446A51E2b3a13F03d9b3a5efD5d783f8C8ec258,7,328,0.2801820663024373,54781.33630019125,448907.3052904334,159,7
0x447973B61a517015c552c8484756426edBae0960,7,329,0.27901876185881347,25021.774677587957,948833.4718399027,4283,134
0xBF49D1Ad911A38BF8244eEf9DF4471c200F95608,7,330,0.2730459966285464,45072.35067682423,547270.9106258852,282,20
0xFb79181A9d9dcaCeDa40803C0aEb55f6c58Ec2c6,7,331,0.27276917239960113,38113.95139859109,322243.6355831246,420,63
0x2aa5fDab3eFb05ED8e47874DeF729d6b4e45a390,7,332,0.26891973809375236,58186.12977900385,388047.0754090678,79,10
0xE29aaa4696b824AE186075A4A1220262F2f7612f,7,333,0.2664424257276311,42740.12554161327,2889360.073907127,413,17
0xBb9069Eed0849d04adab4c61521f7dA9a8b25A1e,7,334,0.2664390830230898,60304.00102523998,668082.0152199997,58,11
0x4CB5eC560735eFca23F76F2dD152b74bc6A9B536,7,335,0.2649843895981977,45037.60345012411,194397.28298774274,237,24
0xc360D21ee29dFa4635AD8AF3013131ADBDa70C46,7,336,0.25857930447525607,48220.20156187405,146025.38347398714,177,17
0x49779292F62Da5c2830EfA01E061fd2c83dC424a,7,337,0.2571428205313867,35279.02583931199,616032.2253604896,661,54
0x62106097d32a1F7c90934d0Fa830CBcccBA76d9a,7,338,0.25344620965470893,24134.26772691091,1719955.7312496349,5205,98
0xc3EF22F2407dF172721A173a63Cb1d5696682Eb7,7,339,0.2528516081386944,30740.609489691815,417203.8749698183,1440,61
0xC0Df64A4d1E78B7e05C6fEB0911AEa9A292b45bf,7,340,0.24991708819253627,27311.752467247283,574473.0390267974,2544,81
0x9e41715A30Ce73ce00ecAF9bd99BE03D8615cf4d,7,341,0.24666502013928276,26870.362728424956,2075249.164617074,1820,162
0x9D5D6650DDE9877Ff00F6E78c10f3891841240cC,7,342,0.24433624764287382,65390.02017368752,198697.92999875013,78,2
0x780551e5943bf008D99F34F93D5DF87Bd9363380,7,343,0.24333750263525955,36218.384850020026,870572.8844099996,566,43
0x568eef6097FE9b83BC628eA2ef54D93bdA9635eC,7,344,0.2424625636815552,27097.806274425882,505366.3287070168,1753,148
0x2B51107E8d030397Ea728a794405fFbCf1d2e165,7,345,0.24181843043166312,24332.26811494498,1218760.395343615,3346,159
0x43e329d2cd4d8064e981Fa4592A507040256c7F2,7,346,0.23989819585598748,51180.18617718999,226708.89237999998,120,13
0x998154d8eb4Ba7c4b34B10d76B9742D922d7dEc4,7,347,0.23580977473870712,32784.42442165857,473586.35718247824,736,73
0x0993595B430E766d1f494e65d28AE146411D2FeD,7,348,0.23015991922267984,56515.93405429187,355002.79007407,117,4
0xcD1191170ad8D6269Bf9Dd5EB17c2E893f3Fe918,7,349,0.23003071299008265,42057.772397272034,259512.95818992,486,9
0x03626D34381b0337387B0e8464C898F772009661,7,350,0.22997182040112227,29625.475893000737,753922.7699163379,1255,82
0xe5c8026239919339B988FdB150A7eF4ea196d3e7,6,351,0.22983678813826042,35879.148993569994,1634270.4137900004,649,31
0x7CC9EEAc0D4fF39752A93eEF9234ed22cd174573,6,352,0.22931946684711765,64354.59088651724,337251.10893403256,44,5
0x8D61E79Cd773f7dbA5367261FA2FdcE02e2712F6,6,353,0.21317388313596689,58579.954816865,114461.69800999998,80,4
0x105f5e286BE8a81d5b558637EC0cCdd4a658186c,6,354,0.21138595672624375,51622.370641750014,298553.31484999997,118,8
0x4c0340f93E3c590118fc6E35215D51ce7Dc80CC1,6,355,0.21090038231014235,20489.39934412094,1376784.572620095,4772,359
0xf4dfe5ab474cb6E2fB354b93D68b9b6092248753,6,356,0.2083120745925818,42035.367380446005,220811.93952497139,231,23
0xBC3C92652d3017C1de5c545D66aEacf193B876a5,6,357,0.20765908769968217,38711.65774971998,254069.04943715464,219,61
0xFbC54697E2e318391F4F31ff7aAfE094625D1F3A,6,358,0.20283576203084447,45923.97199121646,181371.11145231375,204,10
0x289709ae1e3827efd4736Cc6B7bcCFc973d6750e,6,359,0.20100720506990677,31088.626859593944,411094.6754609179,1019,45
0xc093B6A967b397f3875e31B49642B32A3B4B7245,6,360,0.1927160012778739,38647.50282123002,569224.7850099999,296,30
0xD863977ebD4c83F6bc39Be0c30eE4AC994f8a129,6,361,0.19055013713700497,50072.46499060227,136780.60380033415,142,6
0xe65C08aF5534d359B99F05a83d6f64CE63D716c8,6,362,0.18748406674746695,40135.68309611141,384659.23712731455,733,4
0x21378FD64736103b01685AEE2B1E5ACfDc4F0677,6,363,0.1859632693612195,22909.891158319948,728391.0175153868,2588,207
0xeCDbd79566A25693B9971c48D7dE84BC05f7DA79,6,364,0.18484020973948329,21391.48945157895,2162475.8839091426,3541,253
0x27D90451EA686F06a5500c03163CC442055dE736,6,365,0.17879441526412448,48360.80128756058,248285.58456930963,242,3
0x8F51212dda1659104d38bdB464Bb693aFd6A3566,6,366,0.17763552335728652,22402.59775917312,1021320.5642095956,3366,150
0x55cE34e5460eFFeA360b857D9a3be94272D3A6c0,6,367,0.17704223023229299,55769.08466140002,449547.03648000007,95,3
0xc4dcEd307AAD0c8EA95bAc8Fa0c736062cAA2D07,6,368,0.1755180288587353,50468.9394052002,255570.9889367955,93,9
0xb5b8eb95Db0C651aF2b83fb804CC0b700Ce5F0CB,6,369,0.1697848702227259,30122.86770024298,427433.47219207254,764,65
0xb6beD94E75c333daE24eB9c80b3feF47eF3cfcFE,6,370,0.16398493905302314,19841.573278039996,756746.9403708131,5369,209
0x08cdAD58A357375583334A418214A02278f49C8A,6,371,0.1611922391593569,34863.50953215,593943.7923699997,455,28
0x00F0487Ba7512F50511AF0856D945A5858C72b97,6,372,0.1562751964225333,43281.05243203912,473581.82175513706,188,11
0x71edffD0D70A1da823Ff07a3C6FC81457294D338,6,373,0.15506192658796175,37248.903296257835,396256.90192044695,294,26
0x30E443872dDf63B2908a49f92cd690c304A55102,6,374,0.15482704688941407,17697.234011893896,6024213.2319861315,8298,304
0x2673b7CFd7ea7c5C898E4b2f2C663dc8cEA945E5,6,375,0.15277144272373794,26559.801169281993,308082.0770728731,1057,115
0xE9326a286a4d830758c8DB6B251787C523Fa0f05,6,376,0.15128416933520772,28059.938232323286,374183.5761575768,690,127
0x9f68E298D9152dCd98acE27a9712E0b3De54CEe5,6,377,0.14856095905466432,55786.63506805002,449526.67571000004,94,2
0x491b13686eb49470F62FeD157c9956aDB60Ce846,6,378,0.14718296079932236,33022.248490562604,278110.31948233396,420,47
0x6b88B6a431c5Ec9B3aFDB76E69393d0404909856,6,379,0.14391831281815318,57008.79137072999,131070.57902999996,52,4
0xf53A0480ca2E28afDB385d25F94C8ca3Dd453033,6,380,0.13695667774554626,49430.48343549,230067.0062418442,61,13
0x8867e2b13c0e954B573198049941e61ec3de5C7A,6,381,0.13421356375166105,21770.039100462207,283026.405426701,3311,111
0xf05CB1B5CE1b38E71dFF48b5F577B75497a05d26,6,382,0.12684870864047756,29260.952902749996,255167.42391000004,1274,20
0xCB5cc881484C913A222980C6776Dd27bCFFeB34A,6,383,0.12612037072867785,30076.159381923833,663493.7330007673,1093,19
0xd352f30EeD085D974d01430fC919B1702Acd4ad6,6,384,0.12371517755668973,22311.60563887562,1335546.5077850248,2827,95
0x4c9dF37296cbf4399CaD2283D3F3b8ef7E1668Dc,6,385,0.12233849898509455,42962.443197074055,489898.6045561071,177,8
0x4EdD66588beE844ad61D9cA4d7e76aD09030f6dc,6,386,0.11922171281393415,36491.93632268857,417711.4365366147,340,15
0xbCFA2C3AAeBa8651c98126ef986127d470ddDC20,6,387,0.11881733512975418,21960.66783966867,1275350.8913358322,2479,131
0x47e72A14B695174062396A3d7d91F109ce672e20,6,388,0.11812175046267318,20409.175314182434,1707211.0259303933,2280,331
0x9B951eaBc22100853626a685959B6fCB892De0f8,6,389,0.11300339088747338,30552.611971353712,457499.2441049494,1218,11
0x9E30f22Db05E8566464342D19e772E652df4aBc0,6,390,0.1105780895584329,22550.25640129581,182317.17485743482,2079,117
0x62E3598f5908c6484bEC32ff818A1b8b7783b21f,6,391,0.10965143211095527,29837.88133725094,222659.341767397,605,44
0xfff532359FC9e62ff04d846E4cF6A0da61C061EC,6,392,0.10773440933034098,45410.36164924509,108571.60995025272,144,5
0xe091F3C6406242D00Ad05C562A700a21DeE39549,6,393,0.10403119249865511,41566.86594639602,311045.8792938168,174,9
0x78D8E8807F652B54AfE33B7645A26C5ffaE5291c,6,394,0.1014077972803295,27705.075490127816,1975666.092940934,741,62
0x22E35DDCc91DC81CE8483EE5496D0aa03B02a703,6,395,0.10061386595689861,17622.468803611933,627906.8545239714,5513,285
0x020b3e1B425742B74b67723c5e0fEb912665d13C,6,396,0.09160146748545539,44236.65327005,360324.78296,112,8
0x6daf4385fE5d1Cb0b263F668a63fAaCe09C2Ff40,6,397,0.09024229131735344,52221.251905542784,214982.75889357278,45,6
0xf98b622967dE1bFC84585EA7abdF1F9199A3Bfc5,6,398,0.08665073603093557,31049.884669749972,827151.0170700002,411,39
0xc524Ca6Db031988Ad923e882f13738b720468EF5,6,399,0.08507115728165662,52917.5067566515,367195.53077892144,44,5
0x5795E9DF897520f58A281a8e6e2EDcAb3C2f7195,6,400,0.08412584757495592,21030.311962925192,819203.3633612028,2316,141
0x8BD5BEd9afF8076630F1D383979f21C772e2f587,6,401,0.07911244149369887,54107.694262658384,313488.8768990161,49,3
0xcb76FBD5BbA3b15a23371F557D69D2ef54aE798B,6,402,0.07770835173911572,22454.226754690004,1354092.7605395901,2039,78
0xa1DA37F329911afDCeD09Cc4F4A8EC8afB2c8f6A,6,403,0.0761545551900056,21800.19139120351,1492545.8097490044,2688,66
0x5CE6724d79dA1EE847A0d25d149e7F18D9ca0FC7,6,404,0.07467753258631865,55944.449419297234,109489.46999684307,38,3
0xaA621B960F22911462550c078df678493c22b2ae,6,405,0.07453103456640467,27009.19665764001,256609.61665999997,846,44
0xFdc1456bF98Cdce455C93dF0FfeF0dD663cd6217,6,406,0.07302810412092764,59939.502380265825,415647.7574714562,24,3
0x8E8CF968A888c72a45627BE3660D1c815d4c6657,6,407,0.06982213308003268,23429.93899194666,1602590.9060665858,1093,125
0x33923327b314F1619102b5E2BA84ff3b0A06BAA6,6,408,0.06825320589990178,42354.86711617941,196510.25886957123,95,12
0x20Bcdf5a9C7696D1134cbA8d77067d2A967Fa3a7,6,409,0.06716010428833158,50647.892686392224,119635.4099968816,86,2
0x04902C7046da0F93f29d070b00F9366A165ac81F,6,410,0.06662119583091251,22923.572974834417,352152.67348276416,1468,92
0xc68f68748F92f6cf42431c2D2aBba40C244a2220,6,411,0.06331816116495347,31073.863777686747,407160.2061332277,511,19
0xA61520B293dF6874C2BCf6397356A8728d83D44F,6,412,0.06034737578486041,50898.8743900399,132058.35799721777,52,4
0xFB147907A182A8f613Af8AFdE0cf83B8101fB8B7,6,413,0.05938808359414097,20786.25618135501,2089422.4937579979,1717,184
0x5c5267a02593366F681365EC057E2C5099Fa6f88,6,414,0.059094308610362495,25761.711302836316,653912.7536003988,582,110
0x96c6740f9b58C5A38C9172147cd6266DA06C34a2,6,415,0.05441468404089933,21196.355958582597,748333.4592988129,1806,127
0x93Fb8127a1b21A112b11Af936361225DF0563E4a,6,416,0.05332136248512775,37765.648767249986,107179.57789000002,133,19
0x9e8b1e51c642f4C8b87c6BA11c53D516a218Afc4,6,417,0.05102452359570269,31036.645597253777,525366.1822854392,494,17
0xa714A37dA27a019876f3BE61c22A8Ac160869305,6,418,0.05004110850639985,33787.526065430066,607799.7837299998,388,10
0xEe5faa1eE2eBA082E080aD98c236B6115CB49a8B,6,419,0.04991507757742539,34625.01168983012,659693.7853755848,271,14
0x9D31cA0175e9F7Da19967239798171E3Cb1bB648,6,420,0.04945850082729886,50101.06009762999,100678.11082999999,79,2
0xAEe4b5addEC9Eaf81485EcBebB888531A4BD6569,6,421,0.04877677996531664,33438.21570819726,176085.4724342367,244,24
0xeE00ba338C59557141789b127927a55f5cC5cEa1,6,422,0.047306656265053176,20073.731899522394,2068608.6458337144,2167,152
0x9aCDD4638CB9d07dd957cd81287b22cf13aB3807,6,423,0.04681009463692215,52095.704778476014,137975.24322961704,60,2
0xa6a1B9a3351Ea364A423F051ccbA4AAc0709D500,6,424,0.046175065036252044,18404.493231419998,703352.01848,3979,138
0xc6EFf34b92492fce045F8cdFDA8dA66eaD86F7B7,6,425,0.043248497369267114,38887.3844576718,122195.06271918755,95,21
0x2BC1Fd0F320Ee27Ae4981EC2100738487BDfeC73,6,426,0.04072523050001467,24454.719363795124,190663.9637892104,857,77
0x307114dA21E59881ce8dC5B2136c7aaA196b7aA1,6,427,0.03980489095772785,16977.88282929367,2316650.220018389,5190,193
0xb565dd65F173C1238b49f0451f014bb864dc7971,6,428,0.039276943806320797,45223.67241986095,177825.22039837902,110,3
0x574E3aA34743C81f8f9e65C38599E4dA95E83ef1,6,429,0.03728092895487402,23605.825536863438,358242.4855893407,776,127
0x073a8E7D5668F5D8986749CC68D6f852FAe28fD7,6,430,0.033159131549625506,44956.4025738974,105744.91688945997,53,10
0x2177E0AB199d92A2A4d4d835Ac180Dd876BA4398,6,431,0.027844770943462882,19854.81059704022,732721.116287025,1740,186
0x87FaB8d03Ed3923E31e4Fe90fffA03b2dFFaE23B,6,432,0.025344069914051734,32876.29142354079,513063.40871354635,505,6
0xB6A26C0BbAbDA8a14352dd2D503dE763DdDB6AAD,6,433,0.025165574701710575,35921.052932722625,132768.39873435494,240,8
0xa65e13Aa5967c719418ce29a2fc9162084d59642,6,434,0.024204129389837847,34734.182455610004,421186.06449,320,7
0xBe8b476070Be7214C04e2b73Ef56Ad933157D14d,6,435,0.024190872367599703,53592.43279098282,384072.1505381301,41,2
0x02FB626cEBebABA304647fB919a9D7A11eb96e00,6,436,0.02366906068823755,25508.41627982791,723231.5941681701,947,32
0x628320365a4BDce36c42C89615B0Dc45EDA76751,6,437,0.022605099176930418,22268.20983099001,2195487.5757299983,1212,91
0x6AaFE03DC692BBEc7f26b3676702c25adCcF6D15,6,438,0.02030620590392579,52403.998195533255,300312.6950461973,36,3
0x45A3fE38E7260f66402191494ee678D46F097a8B,6,439,0.015210718115047213,26700.31327255634,321408.8043435234,528,46
0xe40362b6D2c1Eb1134Da886f4c64f02F08F6e5A4,6,440,0.014581585291873075,23951.397310050077,971936.9317054488,825,70
0xE4BB6EcB91A341063c142E1de5097E9f3F201578,6,441,0.013055259372726807,21688.346430244004,1199610.236318504,1228,103
0x6Ae06EccD446342F96109E31Eb7451383b511472,6,442,0.011502587514727602,36556.379059627696,930126.0398922847,287,4
0x21DAEDB08e622425A56d63BeaE424a208E8CDb76,6,443,0.008555675437053142,30484.00769855625,1285633.1573990502,558,9
0xAb57Cc188d8B0E3938005Dcb55960e1768A2842B,6,444,0.007847655040979826,30289.92342038467,227672.9474187997,258,35
0x50d9102711d52DFD4E6370b2826fFDCf1377d82f,6,445,-0.00041621845682981995,34308.83512878,616728.70836,226,10
0xe91C98762406eBdd256BF959A87DBea0F27E334f,6,446,-0.0017764415505571174,48333.22056451001,202718.68263000002,50,3
0xfEC7C9E60b6734474ddC0686e4114CE0dE061594,6,447,-0.0025421107671853987,17722.825179143252,506107.22147496446,4216,92
0xfD39B573bc2aA618c9bc226624e985133c1D109D,6,448,-0.0030485476812914056,28729.20753264802,465601.67820359016,460,20
0xcbEB30aBF7ba56E9280aAF74c6F57a174a1cE6E0,6,449,-0.003935328259563942,17269.214106086172,852368.5556290003,4247,118
0x1f0A343513aA6060488faBE96960e6d1e177F7aa,6,450,-0.004683288694703691,17639.25892313405,256215.9504136529,2189,283
0x7C3Db723F1D4d8cB9C550095203b686cB11E5C6B,6,451,-0.013791458046728433,15673.20594413849,1545108.2406585403,4398,276
0x0d5A9A5f184242842478EF79aA58F55DA137e80d,6,452,-0.014590940538718525,27645.65570391333,146168.38570664043,313,49
0xC6c3530691B20a1bb67d4E99B3bb80394c2C21E6,6,453,-0.015304195454309777,15668.93705573334,497676.96236821706,3671,367
0xeb6f0a13eA8C5a7A0514C25495ADbE815C1025F0,6,454,-0.024431677335098795,17514.36529204822,3209211.8862262154,2833,148
0x3893AD86b711EE70e8931640F1A4F6B2039374e0,6,455,-0.024782628519722294,35857.07644472,144269.36388000002,186,6
0x1cFC260BfA2b5aE89377863180Ca3b4F5c862111,6,456,-0.026126001863419956,20217.636933767226,174332.81725520547,1029,167
0x5Ba14fA6711907D8F34b7903a94fB533A0c61171,6,457,-0.027141294046611978,26982.37908287578,131296.0865174025,615,17
0x658D3Bb4220b5e5c559DDE54d43f579aF859B95d,6,458,-0.032886530909816025,24761.318220130004,368584.11391,898,21
0x40e3D20Ac91108Af67D4A9DDB144cbd63f740787,6,459,-0.03601351057237442,23196.77452628776,211954.95034271906,1018,33
0x34bB81b669C6564FaB267fFa02956cde64382f1E,6,460,-0.03669966789927942,17315.620434426546,1750040.2018195805,2739,148
0x8591e0477BC629f029C244344CdB0B4722f550C5,6,461,-0.03744924042375784,27267.372320515635,1259758.3081872435,342,35
0x6f87226f46D8511Fb169fdba58589E8184d9F277,6,462,-0.038094195570083006,30640.864414770003,335700.50584999996,255,16
0x602AaE042CAaC4Ac6AC36427D846291E47205713,6,463,-0.03949937837865247,19804.15983290159,190851.2940126184,1530,88
0x196616b72c430F29D14780d1d45B827Ad48F4A5c,6,464,-0.040607560607040544,16886.628398762437,559641.240561072,3244,138
0xB0f261723df83Ca1e65e9B9c0eC693C294Dc9079,6,465,-0.041489440656453935,26921.046343905036,717453.7196753017,460,23
0xba15E9b644685cB845aF18a738Abd40C6Bcd78eD,6,466,-0.041677269557082716,21930.48370252415,1158503.254748384,957,62
0x81A263647BdAcD84f0D571Bf8df502b84c4Eb8D4,6,467,-0.04208070990859754,46008.48637058001,163216.68180999998,32,6
0x2277450850886a81e2f7666b5b18234f76fDcb95,6,468,-0.04504347118271916,37685.971013450006,180709.55067,113,6
0x69e7AD68b5f11e97927e4Bd938baf7dFB60bD3b0,6,469,-0.04700704052134258,18287.52810024113,883948.7802736833,1850,136
0x4656d34157B19599FB64320EF9A7AA91382061D3,6,470,-0.047625863150191294,42612.28476299993,479656.90729999985,96,2
0x0d242102ecA383685B1454f67BE35e7172F9221b,6,471,-0.04809546001406034,16677.672290748338,876322.151205979,2068,302
0xf8EC78109C30FD56ebCB66C241D40497e96c9660,6,472,-0.05051282265547727,49366.878004953236,243261.13111881027,24,4
0xD18De61e0450784d8BC7E1292cDc55E0DBe06015,6,473,-0.050765377878515414,28708.566309144535,305074.16184183856,324,18
0x83439B923A1C82c56b28399654a61ee1941511B8,6,474,-0.051543260933263904,47492.513980224976,381513.39429357584,24,6
0x7bD6c6Ad776B4B16e6cf3D32df6c0f3DC14A2edB,6,475,-0.0542690675550421,37593.84406899999,821775.9981000001,118,5
0x2e1FF46c7404D3f0eDf2837AEEe8b453F1923E22,6,476,-0.05718465306206327,44230.180610679294,496737.88345027005,46,4
0x0cd7c3b5A653fe2a68ad11e8e62DE6a98b9fCd86,6,477,-0.05962496823642799,26345.11768310999,159454.81500985715,307,44
0x5377EdC1AE568E4943449C813EACdCB8293AC932,6,478,-0.06380252762065206,40419.98387527489,282317.9727960134,68,5
0x07046535FF9A910D7343a2c319a3E62234621858,6,479,-0.06485712017818851,25416.92112687134,416907.8429497259,360,46
0x3CbaF6476042B7003b1F08B11105191A6AF5428D,6,480,-0.06821089712897922,35821.38926477516,98163.12989439012,128,6
0xEF48bE8B35C81bE6323b3316bd9Cca3F0250ef15,6,481,-0.0743801012651152,28169.864760766577,119980.58348800066,251,24
0x4Db3c42a1756A3759b32DED89C464646051B359F,6,482,-0.07549165288436724,29746.190842860386,136936.31185760052,264,12
0x79cBad3b9833f888A3fD0302E8062411dB8e7c96,6,483,-0.07551026453115145,44017.722996840006,194116.25153999997,61,2
0xAa2115b37aA01f4fe76A30ffE5C20F28785D7c52,6,484,-0.07622090456477265,16625.452271293907,289896.5475212247,2281,175
0x7847E5BF10F438b677f69ba6ab591D949058f569,6,485,-0.07634168795726455,21195.466861745506,387460.7840583569,701,91
0xD13F5D567d425204DC79db61839408cd58ECc595,6,486,-0.07722067806612759,15573.08788469084,787791.8967343771,4095,131
0xAb8129d84E82a4FF592265b2057c8552EaFD7f8e,6,487,-0.07737786008452817,35143.65927902867,73390.24999597436,170,4
0x13049c5659E9CD6cc6522B6AF047Ab21f2cc0Ba0,6,488,-0.07936689221302712,19250.445536462863,698039.496496435,1296,88
0x4ccC38A10DC57823265646a4DfCE50B930BAE8fe,6,489,-0.07980618171784139,46008.61660896039,294762.89112394,23,6
0x2A2c1Dc9D35dDb7aDeD728388DF694139ee7f896,6,490,-0.08005365546449583,28541.692199230005,362225.4285709998,185,32
0x148e84fB3254437f72E0D1702aF01DFca84ff772,6,491,-0.0827771392014986,29760.762319401685,65385.56158498589,260,11
0x3B3a71eE54Cc50d289e7106E769f1796B8A4F419,6,492,-0.08375945988459041,25749.656668085998,114452.02705228781,348,32
0x083bebe04a7aE3f1C44f07A4D7221c2a88629cc5,6,493,-0.08399159517422111,21678.16133431671,276349.3608030004,641,74
0xE1f4514eD0f07F2A395AeC1deD286EBCB3A96F32,6,494,-0.08442877953734057,20818.463290390002,3396615.9151999983,706,97
0x9e8EfE64784E58Ba81F97899B5AC7d362Bb6E887,6,495,-0.08603596697899395,19693.701360044997,381472.19419,1028,92
0x3a63219B1CC004eC514CDc94B0525E59c2C0461f,6,496,-0.08790196889918939,19678.49538503,540865.6843299997,2315,23
0xECA58310a932e33750b3daDEacac6dCFBdB88e6A,6,497,-0.08846841702226127,15754.767016456994,873099.0697115742,3995,102
0x3D53e0CE99a5d8d77Adbe72b400e5D2406E9fBb6,6,498,-0.08903233480618944,19584.14397440129,696692.1806240035,1145,78
0x347236F37E11c1569d6dd5Cd7078a1107CE7B054,6,499,-0.08904890417817954,43680.31011787693,378002.4386163675,25,8
0x34ea46384AD1EC51252E77B7518a4D9A6350df64,6,500,-0.09195583786334927,17820.908824895025,252867.45183728045,2021,80
0x5C86B8238E3711575d0dc77f5c8bEe2BD2A987fA,6,501,-0.10414242511186206,17218.648597940548,729539.5918879234,1877,110
0x45c449FF10a165fD180F6345cFeABB648c072F0a,6,502,-0.10518957586736637,20048.583031470007,1383447.73357,927,68
0x9dA15D2c3d07a9cB93A517266e9411cE334e7086,6,503,-0.10592093860442668,23749.216918141457,478907.65007013734,573,24
0x46c8F56D52145D9E2ff4B8Ff007F8E7eebEbEb26,6,504,-0.10621762143887034,18427.203052109493,1110251.5477939115,1147,117
0x76d02D87e51896d0ce30717900FB7FDC9b5FC092,6,505,-0.10817224243094631,28115.708499410648,668200.7575647532,363,8
0xCe6B1bb435b55ACD865923D5f92Ca70796139BE5,6,506,-0.10848619330432696,24391.711898725007,726309.269288,359,38
0x3e4B87bE2C1e0A186C2f9d7E1e5804dd895e6f88,6,507,-0.10928134463388571,24518.017029292656,224320.48392526578,453,24
0x964237866e2B7EfC02dC399E27302F6fBBfBD079,6,508,-0.11132442197110215,29986.97453000301,503212.72652856837,308,5
0xd2F3D211aF7d2ED0569121617c54a3ae8a6dB892,6,509,-0.11241330864612523,32271.20310709,119999.42099,134,9
0xd2628f6B3BF98B05B2f246B8BCFA5f47849d8553,6,510,-0.11525376252553995,39437.364464687715,98173.19309963254,58,4
0xBf78282f15166f376B9F6471689a7F0c92eBc8c4,6,511,-0.11578113166917331,13628.832537108132,911022.2906624677,6024,165
0x69734444A9c9954c21D83B5F062802909dC5112B,6,512,-0.11732250578943515,24768.298867343106,186522.20814508543,301,38
0xF952cdF4f5A79013C1B9538dd2e13fc449276d26,6,513,-0.11883427307515682,38658.31004427265,108736.50242608409,56,5
0xAa0E2529f9c33E3aD86346FE26FEfC4Bc635FC67,6,514,-0.1204926230692685,27400.04880430904,366956.07956000004,217,21
0xE25b9180f5687AA85bD94eE309bB72a464320F1B,6,515,-0.12479057196623519,11083.835760886273,3557265.949868897,14259,320
0xc93A67813f465616102dDf2f64745268561fB5c7,6,516,-0.1276332175223201,24673.84774628001,176487.78024000002,510,14
0x552594422E9e973a40b116175B5abdc222647C4f,6,517,-0.128091033918785,13889.309009278957,568281.96097995,4458,186
0xfE175C90c4152392978fa402Ed871657881298e9,6,518,-0.12811323112334846,18834.977688362786,219284.41393179764,835,114
0xCadf3dbca58877b79bFEa4F6dA76DD48980Eeb6b,6,519,-0.12823429389270455,27651.47530362277,226297.47146899748,297,10
0x975BE0173dbBc98c457Dedd6f5daceC77E852D5F,6,520,-0.1282518013925948,17171.561012684626,253508.83734171934,1883,79
0x810fF656e8AE8119334F81737F57cD8906252079,6,521,-0.13312269380750869,23042.197674419982,1270848.7120400001,923,10
0x88779F7c8DFf51f9c9dCea958fbcc14B5A1f5D9D,6,522,-0.13368122959185108,37022.49144804659,92834.17026265342,65,5
0x93d2f4f3a0445AA808c99cbD6bA05236a895379f,6,523,-0.13534329022365815,24781.689914560033,988793.8228499978,269,35
0x6bD4f813091Dc404809BDCD065cc81103BDC8AcA,6,524,-0.13651939299356441,21640.563221552027,708297.5237906954,608,38
0x0094857a7cF75Dbb6cF61207d27837D91688EbeF,6,525,-0.1387305168503228,29489.126677912234,104702.32044384796,112,22
0x27aeD7B479101b7436dCF04cd4a26f3D6bd8Bf32,6,526,-0.13912789462714734,25243.683771126787,97628.28147022672,332,19
0xAED14EeBE40967fa7D33E034Cc1D6aa3dC648f84,6,527,-0.13917300253544318,40692.695572326906,106431.75479957036,58,2
0xA1e9ab4d47Ce17961795c6250a99E07b7c9D8B44,6,528,-0.13985340616924896,22696.36502088895,214952.92630812703,378,48
0xB53265f82CE244D4517747500c2991c5aBEB84a4,6,529,-0.14281240761988515,29369.50715065351,271671.9580726726,159,12
0xD9E3f146768D35fd8ee63B9831Bac030193F64Ce,6,530,-0.14363552496481546,40490.503913,146491.64710000003,30,6
0xC8b0C7331A0c879a033003d81501f51B318f6815,6,531,-0.14843733630474804,25050.797055775973,376492.3449019102,370,15
0x9ac5C8496Bc84F642BAc181499bF64405a5C6A3d,6,532,-0.1486272671264805,18841.609077800655,257570.03860425553,606,144
0x4518B0847bDf19E357E818575cceD1FF024a7180,6,533,-0.14926783601749433,21820.43021565,466657.36453799997,438,50
0x616ea1714c5669126fa6F99Bcf3d3152F50EA8e3,6,534,-0.1510524119652432,26257.229436709982,212420.886443,232,19
0x4f3D8703a60bf8739e1BC9A1146435d6ea56D3C1,6,535,-0.15153366759795606,17504.153307080007,413380.74178000004,1567,62
0x640Fa770Ea86752e5207051C34Ca12B6C9D1484d,6,536,-0.15177686145449867,25069.255882850004,747631.8602099996,220,34
0x4525D3aB4F9cD309c61A193a1Faeb3005e7Da99C,6,537,-0.15546963622842447,17191.047179387733,766892.0913599296,1473,79
0x4e5F6DEb5113F639C778E24327aad68E1dFA0fBe,6,538,-0.15714614010501296,43942.64229114791,246722.1749927028,20,4
0x7E643d51228BF5755A073e582966b43F7e940943,6,539,-0.15734412380594825,14100.464166473857,1122964.6597365588,9637,28
0x692CB21dFBE3072b75923073162d933FcAb5941a,6,540,-0.1576275012958422,37981.60945249808,253431.17000914502,77,2
0xB3Dba5c9395996B1b1A2E40b2857FE8114D0ff3A,6,541,-0.1590627521638462,39450.97859752501,243625.66801999987,31,6
0x10E1aE1bB2a3a495ab471c36068aD54B900eC51F,6,542,-0.1593732030696813,27150.806092987008,142360.3099319611,200,15
0xdD225A03cD7Ed89e3931906C67c75aB31cF89EF1,6,543,-0.16054946028043554,15580.370775823454,675337.8893710154,2311,100
0x1e1f17412069c0736AdfAadF8ee7f46e5612c855,6,544,-0.16119509388895242,20302.68325304709,567456.0363663813,490,76
0x5696c2A37496e292df98b94D1f46bf4638159Df8,6,545,-0.1615986030343481,20126.93297217186,300011.30804387265,687,47
0x8Bfb6913Db1dBF07F59b688Cba6871F54C18A4A2,6,546,-0.16280960944176986,32362.511207278978,726444.2309399449,137,4
0x94cfF0a688ca7B2E5b2602343C49bCd812123dB3,6,547,-0.16322306405365686,38151.03169971002,2453198.301968845,56,3
0x6F36EC78ED1e15FC44d90f3f028ab38001596c9C,6,548,-0.1635389247229439,32222.161911928397,122399.71999773587,140,4
0x6C54a6328BD2b8Dc8A79BC238D83573364328e76,6,549,-0.16400373801333412,37432.13266388,260718.40347999998,80,2
0x8f23aeAD02f055B69c7f7dB51A2D74187bB2C7d0,6,550,-0.1669793335770816,14083.045596096415,567205.2209596281,2557,230
0x0c26AAa4Ae5e45f9D20b047976c9DEeeDDB64F84,6,551,-0.1680909671647186,14604.027162870207,247412.22156231414,3750,80
0xbFfDcaD6E88801B4e32dBADF2329797d53092855,6,552,-0.16881973754886778,24922.845889609744,172651.28181031076,262,21
0x6F33e857bc3fc4669A1e2f30CCE9ac57C700f14e,6,553,-0.17029959637425018,13061.432281141559,565099.5187554982,2612,479
0x843409738e5533ce49D5F45D024B88EE61Da34b9,6,554,-0.17171190915136467,13676.629416058313,5882339.790809424,13027,19
0x3834Aa6187C6a241D8a8625ea45d7Bd186BD8496,6,555,-0.17281161356123423,16909.70669633944,1030961.1175574886,962,150
0xB7020616cEFaFaE89719DCF69A0985232087e291,6,556,-0.1740551795831211,18806.930964728253,203790.9533437269,747,71
0xD689Fe024e0Ee101B067922FE0F481A3B1CC9660,6,557,-0.1751056163104918,42280.923694676894,360758.43111573474,26,3
0xb3c51f05Eb1e2F03867a858f33C38Dc2183b6b26,6,558,-0.17556419789112152,20496.540139319604,303606.5133464509,515,51
0x9575D628A7cfa02671F092CF1D67f535A0749419,6,559,-0.17750730469847104,26443.474894994753,361447.8351279396,231,12
0x5C07526cd51485f1a289FABd464bbC53bfBF4814,6,560,-0.17879239179172524,41345.671797799994,271683.6613179585,37,2
0xE332a9297067fD913E2f8F02b1db35A2c7170378,6,561,-0.1791586307910767,33579.256729560984,134228.048898419,111,3
0xeb504E30a56B99A50EDFCB0E74a1F5a707B7bE06,6,562,-0.18156583059882625,35413.843876371975,136745.26109763156,65,4
0xEE72b5860fA359898862EFA26Fe3e267d6C9250f,6,563,-0.18563975872844762,16584.922328603723,945083.8870473667,1768,55
0x04B107aea443Df192024F6Fb4bFD50c707E45492,6,564,-0.18649571583898095,18630.792971159128,192637.31516622633,1016,39
0x2158950563886cBf10dFE2D6cDc69B4bca30fE65,6,565,-0.19061840755302084,20044.014482988136,155288.63370066116,432,70
0x2f637B57ac8E1fD08a51e8dD6E6F549Aa38A15e9,6,566,-0.19096295689996562,11357.720173235062,4531912.655069999,17272,67
0x48DD5701B99bcfCBe4bAfE7e7326514DA985E8b6,6,567,-0.19109408040178846,31342.577772603578,215378.77280627796,156,3
0x4f57418A4f93B8dA4C5d3e40f1979010d6d7795f,6,568,-0.19308063966731934,36818.841307039205,290011.7545875064,69,2
0x9ebcA56a592ADd29B2C76433e86eDEd232571fc1,6,569,-0.19438568365460226,11427.801620835091,877640.534785528,7847,225
0xad13A862a7814269f9ae0B2aaa90279611955a82,6,570,-0.19550364014997682,20054.3560951,268322.8092,868,20
0x05670A9813243E7A5af6fFA2aa013b4960fd2C55,6,571,-0.19755304488572398,31907.610150405315,83615.47999393646,97,5
0xF9B6943D8cCE124603a8c7ef8a02191a487761ce,6,572,-0.1982256338979896,17195.876092623417,1092903.7692498164,955,87
0x2fb0f88eF5Ba40E799B996e6f07b590D92B4abf8,6,573,-0.19966770446275228,14978.225225589997,10069455.112649994,2838,61
0xa54bc26fCc3482ca4552E2D75F3185F1d9bf29fF,6,574,-0.20102245269900232,17805.33252551001,493514.08588,1640,23
0x73f7BEe28499c10c1A80eDd6c326e76BE0E5b51d,6,575,-0.20156257588280216,20374.3464585345,332714.500739182,651,25
0x76505C8e59e712dEc0c9B2325Ec195c59A82D9a3,6,576,-0.20183544245529433,14611.840791270151,1159503.4461887467,1878,155
0x247e2797aF0379C0184524D6C23e1935cDa185e1,6,577,-0.2023085814773683,15931.50383774648,340509.3112593287,1414,97
0x67cAAd858B360A33a07f7f73c225202Ff59DF918,6,578,-0.20305766937536293,22018.731964969706,579897.9061720103,634,11
0x647e99b634af0eB09d22BbBB0341BA2258017bd9,6,579,-0.20391749261843203,17466.118671591994,1256940.2377058882,851,82
0xEDC505e8Bd3496449D60974a399F440572b23e2b,6,580,-0.20592256513663676,19390.00624863501,635140.2132499998,643,41
0x4E24F3b794D3c6fa6283cEA1565F4870b5C62797,6,581,-0.2125994736550206,37691.91878199999,121585.20199999999,50,2
0xd8e7AbBc7F47B472166Fc48Fc7addf4441DEeF3B,6,582,-0.21304718592425595,36127.46590026,301962.6937690746,38,5
0x7916D93CBfAB8Ae0Ee9e5D4179AD24709878B0e1,6,583,-0.21432540308132042,24278.137983706496,406417.08543071966,400,7
0x94BB45B966F43ec486BD32636c3E6060E6E7ab55,6,584,-0.21467784396990922,15024.901329487395,720603.5063832098,1198,202
0x254972Df46FD754a6750Cb477dae38BcB4d0D0E6,6,585,-0.21570337947981577,37771.74929325166,132014.5679988353,48,2
0x4dFC962fd9753ccBf9A8a6a56C41B265D30A357A,6,586,-0.22103962809267758,17190.142326640867,281828.4501487678,1052,53
0xeAf1a98f70aA0f7197a09D834051e9bBc73109BD,6,587,-0.22250883222527318,19287.86585115999,1010126.8696599996,402,75
0x94312AB47cc606b20c77c3E84f6B79C3F0a3611B,6,588,-0.22559479240188218,19025.66766099431,452602.46812294546,640,38
0x067a7187f4771052F232906D2C85c7c0Dd4851d9,6,589,-0.2260105302332142,19015.306052772976,320167.01090782235,503,57
0x9aea8Ab12090bD00B8D3CBA9cC37dae516aB4c97,6,590,-0.22836472889280246,20525.200232559997,139869.35206000003,469,27
0x0b9CAe2B0dfe7a71c413E0604EaAC1C352f87e44,6,591,-0.23234125944560635,25342.770163399993,202144.6209599999,259,7
0x5AB993c135A9aaA46C2eb889C4664147945F487D,6,592,-0.23493509616990993,14338.075721509733,1460055.0438623219,2036,102
0x705DA9a59f2Ed917739e4956381e210ef50A7601,6,593,-0.2352087203671587,27708.555785590448,57892.909995847964,142,7
0x5e3862CF1c83128a055CC2bc48eba3e567C1A1dB,6,594,-0.23743242332053582,25659.44196578341,64834.37368505995,135,17
0xD76218b4EdAF16e334d298ecAdb4e1cB8318A4E1,6,595,-0.23821244476578918,39611.44929548999,199482.54,29,2
0x35A7abBED615712258CaEb64F63eC2CD20fA8438,6,596,-0.23960757610526415,26067.024501523232,89813.4218074236,112,19
0x6e5fa2f2b3268c32966d0683A0A6Fbd87F080855,6,597,-0.24115592172768663,12105.386875401227,997388.6960832113,3023,301
0x7dbFa2e8a1CC0C4949b2b73DF514B70cbD32991E,6,598,-0.24143292609709693,14602.115507338129,9740464.35241812,2343,60
0xE8856a0B0E22B1FdE87F5bC99518e6558218a447,6,599,-0.24206343911576408,25667.85696245041,266083.46619663655,111,22
0x15eDab33D1Df1eAC32d53B69Ac6B1C06623CF9A7,6,600,-0.24214249672050128,24022.161497160032,5252554.302959999,410,5
0x5b10d107b1DE4b583cd88c8F026a6ED896f76Bd3,6,601,-0.2427709949838495,11462.88870674904,1077243.9732206091,4884,237
0x6FC8896eB3841EE373863587148AbD09D372f824,6,602,-0.24348477766330273,32908.4927113481,222000.20999961725,72,3
0x03F45a46aBDED4734CCeE5EEA5216bD8842dbbEF,6,603,-0.24560395850836655,37031.08566037699,132341.88085975448,33,3
0xF0D893ccF171E54735ee1eb3159827687007007F,6,604,-0.24753371297140345,36319.58273957999,75886.62892538583,31,4
0x9300A235BE33827443D68a47BAF05b6d9BDA5D82,6,605,-0.24814429567435994,19097.744241459728,564496.689734208,799,18
0x7116Ef66FEA2213A05c8D38C4F9B691268Fa98e6,6,606,-0.2483997695480417,24966.142511504593,100940.68445297559,137,19
0x9D1e378205E736Be357D244B2A5704ea70B5d64A,6,607,-0.24918219184085397,26240.826122276405,77393.83867812021,218,5
0x5b09455A9F99e6ccd0557c5ee890FD76e1C8bCA8,6,608,-0.24972995720888033,21750.105857924795,115072.99604521233,287,24
0x316947958c52a479e1b4880eE27E6721A09788F4,6,609,-0.2524061643384669,12892.171987796755,855264.2720090013,3619,95
0x87687C6f37C0baf4413E846672A71Db62f42548C,6,610,-0.2524684994368317,30970.64019144924,134677.32235628687,83,4
0x4bB4C774a604FcDb2a472A6d82D78666635fA353,6,611,-0.25344166664868,27909.522860827994,318520.0532094999,80,13
0x8245ea0d5A476678Cb354B69e136908F0757EbeD,6,612,-0.2534627244272101,15904.104995051011,1118834.292530357,1109,70
0x0f1aB1E4423B77a3B2bC902466Cf521CDf1cbC96,6,613,-0.2534996366793234,18598.63464858,1935998.571819999,532,44
0xC471e7CE2Ec326f74a7f57757ED60eba64f9DA60,6,614,-0.25377575980482897,17227.458548772935,322122.3283263189,1051,32
0x958A9908Ce9f6F7E9898853f0D5E77e87E0851D5,6,615,-0.25393538125497894,23960.2246641601,5263387.86254,376,5
0x5195396556aa51E4C123bAcC9fE965FD102D1947,6,616,-0.2572556369762691,15108.663115060948,2691684.014505543,911,161
0x361361DA1313e396077d39Ec8031d25568BF79E1,6,617,-0.2580428221454824,14061.387179370313,875492.2921499896,1886,102
0x6bAB41A0dc40d6dd4C1A915b8C01969479Fd1292,6,618,-0.25860726947179474,15003.974012721386,1344323.7056941115,1187,109
0x66669b6eF6E00812BBf8876e0234Fd28eF0a8039,6,619,-0.25953898246717866,19550.684374089004,1477020.3208176985,459,30
0x0dB2FFfFa6B52452607CD2A234B01c95B8648E6e,6,620,-0.2595654862477763,38480.538467015,262968.038799787,29,2
0x880A9C6Db8B13eB2e43507692C6AFe73A1A6d59d,6,621,-0.26082775835666333,38213.41349646544,151365.39163923118,30,2
0x60B2a17f0472dB7361ae3189aD99063EfE0b3CcE,6,622,-0.26170802762188605,16388.303239894984,581378.0999399996,763,84
0x45b7EB42D1A87dBC026F918ab20FAF6ddC2714d1,6,623,-0.263124277474607,13594.72761242856,604405.5781131458,1960,128
0x36660391120597F8Ae3382AD0Da473Ff3C905959,6,624,-0.26540251890954847,20125.723468416218,147427.7477352599,369,29
0x677fF082d14491Cc5616d8906acE25F522e7212D,6,625,-0.2655981120807293,19997.328201870005,160788.00307000004,465,21
0xe6952B2F400482da2D88C1FAEc046B86dAc89eE2,6,626,-0.2656552584735732,33007.014484697,253933.56121897,74,2
0x258BfDe12324C6D3865472E4773cF4af8165dDF8,6,627,-0.26845261936330256,24051.933743290003,260472.7611899999,151,18
0x1EA0ce419ddE5Be2477020513Cd649ac8C1135Ea,6,628,-0.2709318614866045,13517.520680510004,139128.53255,2588,76
0xf8Dfd25a6E1C78860997d62cc6826f10bb0598A8,6,629,-0.2734872002568301,23732.447050040108,5205725.251440001,337,5
0x040Ec398E277F9d7f366621DfA7Ea5ddaE088edf,6,630,-0.2740151004756134,20260.292209917174,550878.4497591896,358,25
0xB412f51B2c3904442Bc79bc9A7CFe9aF3f8323A5,6,631,-0.2741568444667506,36965.024468662,131691.36795986455,26,3
0x50806FFD62dCd005861602e3af3C4afA3bf93A6b,6,632,-0.27560916813615893,26112.01165970717,49435.76185943821,93,15
0x5eE630F41748a01C4DE9b2e8Ce06C475Fc8B132E,6,633,-0.2757435350233973,23759.37994373003,5169154.850969998,328,5
0x66F7175C6c2b9A456650447873ACeb65aAFc763D,6,634,-0.27579556464212873,12184.73472651168,339674.8913176079,3386,139
0x159c24248bB841C1E377Ed2818721a0328905B08,6,635,-0.27965058199811726,11775.383344333815,461652.29729459377,3328,196
0x0DB5Aea9F41Ce8398104e9d4694cfb18f146C493,6,636,-0.28086250757881004,11022.602303394264,2896489.1958598867,4439,243
0xd0FD38536e7447899E4924963098Bf02fE81a7dA,6,637,-0.28145074104519474,30314.19572246125,84324.02818872733,49,8
0xa5347D354a53137c9A65F84cF3A32881C08a0B9f,6,638,-0.28297420550434127,32716.098706,111803.08260000001,32,7
0xd637435D556C45D05BD126D6d4ce8700eDC9e71C,6,639,-0.2903685698482622,18197.996926339143,562758.0323269293,397,53
0x6C9d5DBA833Fc5ed5A154Fd157631ca41499E2c7,6,640,-0.2917763402209921,24737.155344135692,204807.11764989336,155,9
0xe7Be5Bc85A39C4391ec72E0aDD1D42d91437950a,6,641,-0.29255922821206914,18535.73835566199,917369.261693396,286,73
0xFF3bfeF5D024518d336282b33702F512A9B6A452,6,642,-0.2932191841785038,16645.280360864872,523430.8457973728,646,59
0xC666D7BB0feBBD9Ee4A3d9844c327f60ED4e5E92,6,643,-0.2934544384377255,16133.521038058472,335241.4180904152,850,52
0xE2E39b1ba7030D50dc42A67DE4893A2ef92011f7,6,644,-0.2944487736470942,13696.980672061902,1046445.4291899999,2085,67
0xA32093B644f32166fA8EEA130B8a5321d2BFA0c2,6,645,-0.2950699704751992,18515.104946382115,457503.4685634102,694,16
0x36cc547537fDc25339129b6b3c1eF1404ef48642,6,646,-0.29778757832031155,17480.44592886132,544643.1945077239,639,33
0x052Cb0c5f294Cb9283b947dA04163992979B49a4,6,647,-0.2978570103678803,16440.8777314075,726299.3330477498,592,73
0xF699a6477fa8E385987F8AE6A3657B2e106107E1,6,648,-0.298338382287425,14679.280906526012,287683.8196482431,1135,83
0x31376eC3898447399ff78BBec847273F3B465E0d,6,649,-0.2995670129540212,21733.24730310737,162110.14540675012,182,25
0x6eC14F8fb21931645e4248FF0666EA7C2750F74e,6,650,-0.3009665552000194,22677.349977788,179508.3343599558,156,20
0x14Ec52AA3AcCA05a3973D3f587b612BE496E1b38,5,651,-0.30309785968798586,16931.35516781999,471953.15864,1009,20
0xC15D109d05f781E134Aa201E0EB4a04DC4211B17,5,652,-0.3040847039206628,33106.995091634206,143355.23608477396,27,6
0x646cBB2603715f55A95BC3FBEfb346869257ca8C,5,653,-0.3067921195492266,11777.71693883227,2706238.639292979,2862,169
0x3ee198c21c115eAb972689c955d9d10081Bf05E6,5,654,-0.30789339606660493,33225.23013860999,119036.12021,49,2
0xAE36Db2d9AA13BCe2DA12413A6211b375Ac6dCF6,5,655,-0.312214634710389,31084.259436473007,145584.90945950447,57,3
0xa6149BF5647a7924839a5B5285DBE49cd4F0e553,5,656,-0.3126623150410466,26098.03207498773,229106.35411371873,98,8
0x08f059c7e5e73f433151bd73F2394Fc249f04cA4,5,657,-0.31288933711349043,20409.985004343387,222964.27259193306,218,30
0x9f1dfB35EC701C0fbb8338E8B753e1d17EA798CD,5,658,-0.31367159607230877,25212.06416333,164863.79008999994,75,18
0x8f1ac319D4A80d69a643f96a14ea04F22C26E37E,5,659,-0.3150846278065932,32140.541583318,246720.6500086168,57,2
0xc7D88a8f8331b719D1a23BFDE4f60fEa4f71a0a6,5,660,-0.3182095337402446,12871.84888631374,463501.27752613,2276,80
0x3D46D870963921AD4cbEAd1f9Baa4ca3A8736Ab8,5,661,-0.3211555951454085,26973.12423229893,65722.18082749285,44,19
0xd6a13aDB8D4b87111cE67452e878a1d704c9b720,5,662,-0.32501645797926715,26578.490730602,61228.20632908056,118,4
0x3227b991405282FFe3a19178Bc36fb9770262727,5,663,-0.3271906994825356,24140.89877422,149617.58784,125,10
0xD3a6E523c440f94F9259398fbcF7B5cC5ccffD55,5,664,-0.3277343194980337,15264.19889073001,287084.39578,761,69
0x63e5fD3FcD03166Bc0485E19bc5354b365111Ba8,5,665,-0.3288259785801564,18213.18371984138,231861.1618750175,503,20
0xe969786b5BA2Ae6e54DFD999Cf9aa0058016b890,5,666,-0.32985545629385216,29398.21225296056,96315.3239087647,70,3
0xEd72C1Aec62993cBc3458B3ec384a52B3DEfe319,5,667,-0.33100648140531924,20322.861725768675,601447.7724198594,259,18
0x54ab4Ab947dA59C2227d8011a7995E00D487E8f6,5,668,-0.33223956679704,19165.679438661515,413533.5319064489,294,27
0x2a6db57A2345fB0bc1dF712CBD214A1DFffdCbAc,5,669,-0.33302132492997294,20104.240284330004,356012.61172999995,249,21
0x2F67b5bB3653ccC2377d86eFA94f9c6BDb0Dd564,5,670,-0.3334408993481936,22027.244143526725,77963.25659297785,202,11
0x1776361DcBC5EE4C568BF81c2cd7cc55d6C801dD,5,671,-0.3342743798314364,30401.11259041,75949.13352999999,69,2
0x649f71668462ebBfb0305F363e653cd43fb8993e,5,672,-0.33496093094250856,19457.144435664733,77812.62446500333,216,37
0x9E524f7fb14d4AD7d62deC326edb894e3f088F61,5,673,-0.33508696426415363,14557.2173917496,257659.24112865527,1004,65
0xd68D1B5CD0B77A78a31798B871FB0B141973580C,5,674,-0.33509933709729856,15118.48423468002,922252.9739199999,1421,24
0x166a5FFcF823FF7C26588C59aE25bA015F3bA007,5,675,-0.3358895746653796,23475.980984683294,88466.48794410791,239,4
0x1Ad81764A4bf463FF717ea9c7bcbFbA212587FEF,5,676,-0.33770856807508287,29843.069026269994,531102.2191100001,50,4
0x962A5088cEA0e7f5b94a609C511aa8B839D438EC,5,677,-0.33939912747496304,13201.528866163679,354931.08363771293,1244,123
0x7Eff44D3A998e21e1aa014a9fe89EF5f71a77196,5,678,-0.3425929277533586,25392.547863891978,95286.2570429115,90,8
0xaC465c8716553b2947A88BFCAb3aFa8cbD49b576,5,679,-0.3449800209842322,27749.073466170874,84939.16559759511,89,3
0x3e7134C0267967308BF1b4dC3db2782f28FB0db4,5,680,-0.3452966396974469,27735.124644689455,69122.60999446019,59,6
0xF5B706725cdF723FFC0ce359bC079089E9046D77,5,681,-0.3461653026938054,29412.27671680774,106834.82837804378,51,4
0xB1521549b13C03f2dBDBbB45d5C7BDBE91488315,5,682,-0.3469084448740878,16387.018525199994,334656.8548,487,51
0x3c86FCE52a64A3d65Bf7923485Fe1C4Fa6679dec,5,683,-0.3488293127637484,15297.460950638582,245101.8354241882,1023,30
0x88e994B0fa902Ea2030BA702f5F7bFE568e78B56,5,684,-0.3505669174800118,27789.024673,77442.3749,62,5
0x3Fff6d46cDAbBd59B368dBbE79fea16C4E9A6C91,5,685,-0.35182245652989136,16399.963573126646,139770.02188021567,430,58
0x257D131237EaBD4D7Bc947fa41677F8bE3952A87,5,686,-0.3519091577310264,26696.602270318224,128530.22598881632,65,7
0x79e6b62416De773e2b66bAcaA27F503d5f692912,5,687,-0.35528607130279594,15439.550121712344,3644508.0263103237,689,48
0xCFB183622C7922092BCCEf457Ef801307DE1fF1B,5,688,-0.3558807689435226,25429.94062519,66811.74705,74,9
0x84f9909ef2B934CdFDff74FB965c8e4E6Ec60285,5,689,-0.3584209638786336,11605.503926844778,330531.401224882,2003,169
0x0792B826D97C30DC542F9cAad9a342786d0f565a,5,690,-0.3588528989417236,23237.585493479,157399.71578337287,129,9
0x2d1246F64a2f57e0eFcFA2e50A1377691F327326,5,691,-0.35944929049807567,22766.727501868398,234823.22580932005,130,11
0xe83CC0c82D009A1c349c1a89FEaAdfceE9655e8F,5,692,-0.3608734110331661,14864.924237637122,232777.4906001812,542,100
0x991BE179DCbDAad0963601E0E51Fa13A92299bFD,5,693,-0.3619654248768194,31770.51704742988,213604.76610764625,27,4
0x5b457c828fbd8bb07886c4B939a87160158Bb6D0,5,694,-0.36269638223520373,19952.357236170003,417092.06673,221,18
0x846ae440F0ee85082e636635D18590C62B3a44b7,5,695,-0.36332086070416814,20752.547579929742,153253.91304280533,113,36
0xf29631609afA3A9e8a10e5CDAa3e18d647D2403d,5,696,-0.36525760137505103,14275.88874029125,317444.3086451728,917,60
0x35f862AE97196a0328f0288209dEAc2CDab98572,5,697,-0.3662748701244143,23977.31989131645,147627.12138646474,140,5
0x2B495e9d1C25794d6b38101Ba44884e2Ab90D0dF,5,698,-0.36774325286816834,22353.639498961296,148223.5807220265,195,6
0xC37D8dc8F8f0EF7de5309b1A0611dd7C9E3e24d8,5,699,-0.36954328435361317,16535.454100315015,683555.3225399998,456,37
0xdecC93cb4794DBD527365a68E2467956Dd4e9d36,5,700,-0.37036645320129835,22063.651714078034,128727.57762990196,131,13
0x472f25f1B2C74ECe6f5DF2eAcbA7e7A548d37b49,5,701,-0.3708450855992059,31731.626011924956,201439.66099798976,38,2
0x3B0bE25E8A0C3B77F497E953A24c559147476059,5,702,-0.37426749900874295,12322.498521871392,466017.1067322835,1781,85
0x17B02d8e21426bAE381B8941b96386f133504041,5,703,-0.3746333862853489,20973.624636106666,125271.97381997187,175,13
0x81525952f172646a4104030E9a9Ef1E769C7BfDA,5,704,-0.37464695838754314,11477.269450544418,556483.8024433535,2371,113
0x9A1F910063665b05EDC26d5747983E2C972A0003,5,705,-0.3776733594781937,30568.088684824303,69892.560418821,20,8
0xb04A3c14f306A14848FdF8a733dfAb47B3a9928b,5,706,-0.3787956473243119,28624.564997630398,121351.74921244763,40,5
0xAAEcBB4d4dE56B24438d45CDCacC6bBc1C043C14,5,707,-0.37924634668204493,16856.335783739163,353540.33694885124,411,31
0xb7388c75BB2eDCCEbc1dE509aCDE8d6E12b617f6,5,708,-0.38077209069358314,24056.62529272779,74351.98625080264,53,20
0x03C17dEf763d898c45150983fb3A310a24e8aBc6,5,709,-0.3820334762728063,29756.610368730002,72880.61082999998,41,3
0xd8aD802e4F6925aB1Cfff38b6eD2Cf3f40B81ee6,5,710,-0.3824672923951168,21468.941201805173,5119775.85001,283,4
0x594add86Be1a012296E51A293B9190c99F5c96b7,5,711,-0.3843153114492004,14567.934906667973,663449.9763860693,830,43
0x7a0C3C37dbd7995C9A7B3672538A86740782a221,5,712,-0.3844670056219053,11826.520496916844,155184.11293196847,1635,132
0x0B0E9d2A53682BaEC053b9C6EF1e4f02a15878DD,5,713,-0.3849880797515896,33880.070934999996,118909.20489999998,22,2
0x7B86Ee2cB888ACDc2234f1e7b0882A2Edb3b73Dd,5,714,-0.3860760977379965,20614.248171092568,236160.47001925373,177,13
0x7C7eEDcc12f9170EdFFB681C0BF26eFA23E7ec3c,5,715,-0.38690133470965177,22141.94312426207,113493.33566302694,160,7
0xDdeBE6122c7E945De6f68A4a4c81db1e2Ee00e00,5,716,-0.38698504327471955,14073.263833832612,890773.2168792,895,53
0x0bB3C81C577e04f5c62493850d177C5e6d23627d,5,717,-0.38725193067228253,11995.748554220872,4569675.945579561,1781,94
0x2B74BBA0cc02C0A639e4A9efd5171f253113cf76,5,718,-0.3888300809240216,15303.373498220019,1907195.7308200006,719,30
0x747ee6a057Daeb83766164Bc76bd75Bf318312B0,5,719,-0.38946990646096946,21085.494142145177,5105956.98974,299,4
0x654Cd8d76022Ea1159B26267D8cbAeC86C7545e2,5,720,-0.3897834279081843,23626.89400872838,46963.21081956501,68,14
0x421091c0dc65950C359542abC3BF6575635f3Db2,5,721,-0.3904416671320997,14080.846237275395,287452.53739303816,552,113
0xf3df46b4A1DCA573797c034CD4D1dC60FA660324,5,722,-0.3904836129119977,11137.53771112658,200496.8422819402,2077,155
0x509cc3A3F71F73A7cAB7baCb54B15Ab74358111c,5,723,-0.39135118876598207,20808.34986790513,5110007.25907,380,3
0xd297746dEd6b61cbDa8c97F100140Da84391BD98,5,724,-0.3917716141244242,21317.76975919846,73516.66187968523,105,20
0xF3D1104e95E683685c65ABFaEa6Ce9f3FF30a860,5,725,-0.39560344942484604,21293.21563850517,5053733.29978,266,4
0xB4A61EA765b4D109ab60c5F6906a69CD00221c1b,5,726,-0.3962482588946758,25114.822725053265,184375.07629847285,50,11
0x9Abb4725d212fb71323A8fD940E8A5B6cC8d1494,5,727,-0.39671957643995903,11198.578868756076,120470.867026397,2657,88
0x81C00aCF92fDe4E523d3412ef9e983C15622D974,5,728,-0.39720373946909965,12580.7716012175,597523.9165702863,1216,92
0x2E42ec345268380fE9Cc01FE1F1ea46D49d3D792,5,729,-0.39740384772117554,30588.0728754251,89510.27999513532,30,3
0xecbd6c1777e6ce8422dAbdF09543FEf8bB2921D7,5,730,-0.3976154746167294,11094.629010836334,169658.4127371974,2941,81
0x9f996a00929384dd8299c6A1447e105f665f69E2,5,731,-0.3994465754354838,29838.409088129996,209115.80589937835,44,2
0x2e9f228FA863fb9E5da7705D5c1D0B652d08e9e7,5,732,-0.3998222659864052,19150.231597752634,156942.71753914427,295,10
0x707f639Aa3Ed4bfe9d2b7a9dcb05e2F876F7eA0f,5,733,-0.4005017679721323,30156.673124120727,244064.6972293191,32,3
0x521c434f0cb24FE5582c08a356E636b48099bb85,5,734,-0.4010477232802988,11050.478525940001,804242.2803249999,2116,140
0x824bb7F46EbDE5399a80257b85bF82EdAcd58F39,5,735,-0.4031610989179075,18844.53720097,336554.89249,272,13
0x8795BCb2FE129D1eA3e3D73bc13a3D8078047544,5,736,-0.40364845092943386,16900.248754908847,238115.06091999996,380,24
0x5CD3f7060163d2DCE795A9405d47AE2E16087A5A,5,737,-0.40447414145596305,21985.31641899682,144935.08761357228,77,20
0xe0C1EAd8A17513638E5C0FBcCa8c5cD2A1d8D758,5,738,-0.40668345373358195,25010.348244060016,488697.6771200003,129,2
0x3777Bf2f48f890a4f0556DaF410f7037a4a0A9A7,5,739,-0.40831072431816634,25472.620766301126,154945.776458827,113,2
0x95AB98429C6066D5d3845C51e4C60A80ab604ecb,5,740,-0.40853892261705493,13351.646712501435,427748.72871341696,727,97
0xb9DAe56084e94593954F8E70332423321DDADC9A,5,741,-0.4087846452911664,19352.22026696134,89998.10920698624,186,17
0x7267e0E676b3FC4EE9B36C1399D5294445c04661,5,742,-0.4088201596886807,21057.59151416513,5093640.707219999,302,3
0x61160D163E27b99fa85f144a9f215DD9e824Fff7,5,743,-0.4090126085846386,24160.155410350013,544277.0826100003,158,2
0x15C61F48f1b3405F94A61bF9367627C7A6107261,5,744,-0.41017878742907066,14669.356685645163,116316.51023418912,541,56
0x560D10f991f5fD7f92A4d3e7115895240027a0aA,5,745,-0.4112742069505787,29460.328695535358,84302.09073418229,25,5
0xfc1d88351fCb458c13a8C11EcB077eBEAAE12E8f,5,746,-0.41317484972261787,12298.71680454,1318760.5747999996,2007,40
0x0C6bFa23FDB29AD5339c8Fa39e411547aaa409B6,5,747,-0.4132758960522684,28799.47853868,71950.07191999999,49,2
0x1a4A235E36f507bc32A1e5BD65683ADfb02C15e3,5,748,-0.41407788248172317,19056.157253161706,88162.9524388279,140,30
0x60D5C5869bf7643229449643A8D02d850bE4A731,5,749,-0.4140838489772408,20659.248233230177,5101402.592879999,275,4
0xe897f310650F36ECBB3f52a7bb43a0f4cCCd83ef,5,750,-0.4144325066655652,12879.599896965987,278046.99671773444,1247,53
0x60073655845C95014A540Ae3F7375b15801647a3,5,751,-0.4146289438929889,23363.256529866863,175288.86337005236,82,8
0x6aD005Ddf9eF7852251d43a9aacae5F589357D33,5,752,-0.414739226066491,26975.549494910003,117517.10999427777,58,3
0x846d20B4db01b00cCd5d7AcF66D7ae246C1E3f44,5,753,-0.4177183249711086,12857.150855050006,310865.76515,1493,38
0x961C8D60ac68d183479E3120689382951E4A508a,5,754,-0.4190144810318778,23620.017860219148,76824.97054159125,44,19
0x9eEA0D7AB12D1767CdFe3f300d8D33462492281d,5,755,-0.41948568391232405,12161.697654647696,430811.9006216804,1245,92
0x80A0Da00fBDC8440b0Ef601341f14c3E24795708,5,756,-0.42007519565637086,18514.63349373724,45755.229598385005,160,30
0x2Bdc0e8bf3b63B57ADe2b6A408EbCBA4b0a56A42,5,757,-0.421830446807258,27587.634697304,87746.83246907317,60,2
0x1eeE215f9f339434F9EE3441F43Ba32f8376d00A,5,758,-0.42335479034185675,20223.04997571026,5141563.28075,291,4
0xC0fb33E12a76c38dCd414ed02ea0a7BdDD8065dC,5,759,-0.4238419957568774,20301.940343368864,164562.508319216,164,10
0xEC4A6f59960Fb55A7Fa49262e2628687b322cf62,5,760,-0.4245736747961284,30720.501603000004,138440.6914,23,3
0x4Fe56c2713883A96a1F42C2Bf5c596B43F142bbc,5,761,-0.42475269383387093,28815.281147139944,117496.28719678326,23,6
0x9AF568A4993Fb381fC385935D823613939725312,5,762,-0.42606241324190386,16920.57927722877,68198.73164246569,356,19
0x0D4A36eCE1ca214A09402ff896C4A0633dDb9e42,5,763,-0.42678095496030827,19446.21674884,54896.142759999995,154,17
0xe82ca6026CA30dCb33f7C9C8b624707e124211bF,5,764,-0.4269051020129601,11269.801186721244,391802.12637032726,1826,99
0x226490D5c92AFa2cb921579D2d785d47A645790d,5,765,-0.42788938903947654,25087.633960028845,175383.68241310414,43,9
0x4D959048ECd9d50A417Ad5b24030b888691875D5,5,766,-0.43026197245316505,13067.651141332628,534148.5675553925,786,78
0x041331f3Dd3447dD079F664e2c912fC10e94d23F,5,767,-0.4308707705701488,28668.970977950998,164423.0079998702,34,3
0x00e7B83562d46e05305fC4f306DCd484a2CFFAFC,5,768,-0.43359769003335513,20130.920008176086,5099113.992150333,274,4
0x5a181dCF3EB53a09fB32B20a5a9312Fb8d26F689,5,769,-0.433928740925376,20390.601263539997,549098.8844359997,131,12
0xC5f46Df7B697E7313589568eB4AB0a2DF40fBC4F,5,770,-0.4354346107346667,23725.178816332005,114738.86107513453,67,7
0x3616ba9f9f47Be4a3560d159ce3eBc1f1FA8d2d2,5,771,-0.4357908085816524,16459.652111425006,446208.96379999985,379,20
0x55497f0058fB8Fb7fae994731aD8c230Ca60E2C8,5,772,-0.4362415689425514,20166.547849985174,5025907.937490001,314,3
0xa8A9bAaF58b7Be543a929b97Ec8B0BFE4feDA332,5,773,-0.4369337276101218,12420.269513717394,383847.4290806597,1037,77
0x0439A74bFAEf94e397DF6AC441D31C1e76b5432F,5,774,-0.43842444155840454,12537.77286704937,367989.6523884839,878,90
0x0ABAbD7750cCE137DaE84471B7Ade3b19c87eEA1,5,775,-0.44070187086551,21566.376165218,68600.1410602222,102,9
0x728CbBF18Bf1c9a120F9805B7769b0951E106157,5,776,-0.4409733901227866,20037.518260505174,5050680.624420001,314,3
0xBe94CE037Ae85aCb9d7846730a20a25F2b5fdA00,5,777,-0.44248730289456495,17281.505584326656,60616.821647653785,168,42
0x73d3BdE14b125334334D088DE0bE053607d3E9Fa,5,778,-0.44334315754440856,15048.593288190006,310871.33747,439,37
0x4E05eD8C847B38a16Df99E37f52A30231A06E2fD,5,779,-0.4439904179281041,19709.739928123337,192385.80011860564,190,8
0xDA0f4E3f79A50B8601b3cB9d421f48ce11bBf0E7,5,780,-0.4451989964681299,11551.971693575459,656580.5634591584,1144,127
0x73e68284F89fb2E95C760A81097A527368470654,5,781,-0.44645822308689276,24665.562462543847,89706.61669659615,66,4
0x140bf98890aFb219ac9Dc118467C946730918030,5,782,-0.4470986411314853,26798.472215464593,132263.31959708701,58,2
0xf53A402A8C8775326549BF8e3f69A36Ed722Cff3,5,783,-0.44892000563176027,11643.447346598963,124419.81891871452,1235,97
0x80Bba34d38Db3745698C4420a2396ecb6473885F,5,784,-0.44906280849914754,24719.440090999993,92574.13190000001,96,2
0xB5FC83Bd974cd583Aa3c09463A2679bc4a7A7e32,5,785,-0.4493501020878618,13255.054732632958,397051.15089539025,841,45
0x38B2B75F9d5390bdcD8B98DFC2Dc0fc3Ec8c4457,5,786,-0.4496587654142444,24476.81211699157,70503.17589773625,80,3
0xf088C70a97bf9235678Ae2eA38240C5489496CC9,5,787,-0.4515459885797737,18068.352304870037,194906.99701000002,273,10
0xb401d9a2943926BC8046004D68a5AE8EEF328B4B,5,788,-0.45199819450162787,24495.17809478584,124108.00551846102,78,3
0x2521B36AFeF37CF0A1CEa86DeBd0D3c6833ba27C,5,789,-0.45292199451352094,17226.85705626224,566699.4881633562,314,13
0x23F10AaA1Ea96D73d3CA08726BEf2Ae415D7E733,5,790,-0.4541552169517367,24357.105528369993,336877.44059999986,48,7
0x05b554290bf468Cb877B9f7B0Dc741698a3a93de,5,791,-0.45552711381263467,14730.941598649997,167493.50827,420,42
0x5a560D135484258Aa509F6720D31c4ED24f0adaB,5,792,-0.4565452346292941,13771.53536773005,249452.5698601783,429,83
0x45803B08b4373CCE142a0112E57C31E1B42E0e9d,5,793,-0.4571084577335711,24420.257370299998,91879.8587,46,7
0x05b45D14030083Ec6271E3cf5404cdb4cDB1fDcF,5,794,-0.4614314795451334,25758.291833093397,148484.28158066937,29,8
0xfD81B27D9796a1BA7d7171eA70010c9befB2a62a,5,795,-0.4622056437539198,14429.48919787816,410970.8011210475,466,40
0xA59516996B5803e2B1ECb9df4Db492C494743FDe,5,796,-0.462569010220895,16989.62266450894,111724.4512001406,302,14
0x622b4bCB880A34E666B6f16a0b80aD6a8E7a7E62,5,797,-0.4627841666550312,16587.2957398455,112358.06775780482,531,7
0x216CbA867948086Fcb2A3dECB090c09226Ec6b51,5,798,-0.4633209704432499,19897.17566418,46300.25904,100,16
0x23ca24B522eadA13c904e5c15f80ef388fA6397b,5,799,-0.46556717634398825,11874.021373849206,982324.9440750002,1411,49
0xd398Db6703F34960fD53480A1964EB4EC7f1c487,5,800,-0.4667893808862664,23677.01655313,69727.20177,63,5
0xab8c0A41931911052aE3EaaB5e6C62f70bcb3e34,5,801,-0.46842695385475785,11032.047736727252,995259.6228213074,1573,87
0xaA0f214Be65585B906becD79444e281591392433,5,802,-0.4689178768001473,20071.74945396702,127609.59305010937,90,16
0x901Ef11Ae3a84e7388F8f40DDB1525fFFdfFa3e2,5,803,-0.4709304673345747,14739.326182591893,520081.0118623076,351,45
0x75F70561BBE32eEEe21eaEdeA20222F81976DF0c,5,804,-0.4729990836387635,19548.58517585,79648.51885,107,15
0x099Baaae4255403147c15b021E543e073ef88C62,5,805,-0.4745705489954417,24943.77759831074,220310.21648797602,48,4
0x15a8b4852F69Bf98651910AEe287C5c9b4618543,5,806,-0.4749196622606883,27667.781187205816,195144.8518372802,37,2
0x9b369077125251344630eCFa7D15972a0D68Ef2F,5,807,-0.480101685464697,14236.9255055076,93216.35727497174,304,73
0x008bf350637CE1ea308B3622a0d44116F9f3B476,5,808,-0.48171230879572713,17438.13799138327,70569.56180315148,153,25
0x6DC5f9Df8695Ab2A2160DE7b30d77bbC5c4718E2,5,809,-0.4821164841642123,11722.044861299346,266452.5899160765,1132,64
0x650a96777aB0F6bA2d560d231745f9b6fFF86Eb2,5,810,-0.4831106699419882,27851.52358390999,75680.95653,33,2
0x84899ad782c74250a708cac6aE6971ae422380e1,5,811,-0.4843191830685523,22196.96688279695,205517.31267171568,111,3
0x3870F80157bd6651E4e748Ee973f0641f1c19D69,5,812,-0.4862932100602055,28292.437658663504,288289.06729718216,29,2
0x436279e932c0A60F0b8EAe2a76ec380F3A8dAaac,5,813,-0.48671911898562636,13105.441490339414,258761.41966270457,573,56
0x22DC792e28e4db4037790De84A069dca7C6D4Eb5,5,814,-0.48695374269208513,15377.942367068139,326271.0852851307,337,24
0x9A5bD8a8B38314BeD88F3CE26b610E8AeED99dc0,5,815,-0.4892110970123697,24799.707025166546,122793.78749804384,52,3
0x2eB19D9ee562EF1f2F245cBac87F45CbbcFB326c,5,816,-0.4907197672954486,18748.175182959993,263482.35641999997,137,12
0xd4131790b394eE8Da504f16506ADBC55353EcE5f,5,817,-0.49250275905635643,20424.92091094597,139300.1957870586,61,18
0x51097245118c0f64A5cBA166f9737Dd5F875D4c3,5,818,-0.4941927887816247,15953.678074356865,375379.800483672,296,18
0x06cC9f47535EcF962aC5e1F6D91F1EFd47B7423b,5,819,-0.4958116256165851,15655.4812350233,218179.1866019738,341,17
0x9a8Fe1B49169A691CD10BAa21d7049CC142e64a7,5,820,-0.4965662695721233,14296.337698264766,281930.8202143558,631,16
0x1C28761Ac550612501b3c994eCa557EC1B7a65d6,5,821,-0.49658128344264113,11167.508413692889,192128.65628140024,1241,75
0x8013596116f7cC7B76b68A2c16F45aA78786429E,5,822,-0.49694510051883917,11056.302861329723,1075597.2207475742,1154,94
0x34C0D45CC3122945Ba3Fe69A4e98345fAa2471BB,5,823,-0.49880306148084885,23646.608822112856,172970.5445364887,48,5
0x01C00dEd0C42774c5F37AC410dE355571b895614,5,824,-0.5021136730659591,13383.596537882522,577804.1092475514,534,40
0x85fCD3d768D759a78433c5c283f537758919ef94,5,825,-0.5050048110127972,16597.369545080004,292243.3609118838,143,34
0xdD12B3C162c9291722D06e66a8674B4D5bF12583,5,826,-0.507249677541781,26928.80470539096,141158.78838088267,22,4
0xC3041bAeB285ecb520CF2015ac2E984668c3CBa6,5,827,-0.5080810548396975,26235.846494356,177794.35435929178,39,2
0x5f5eA9a5Cc8AA38ea69fcd59A89330ABbbbB463f,5,828,-0.5085558818821172,19364.44679636228,189843.75665850667,131,7
0xC10972C04CE8Ad1ac5168821463E4a80A98f1Ad2,5,829,-0.509062972795371,12554.467654853603,523289.2646750369,673,49
0x66f2000FCb12902113eaFf6eA5ae2c0605a8dE1F,5,830,-0.5093012914105566,22050.296115536636,60520.0604266673,52,8
0x983add5a6c9762cF948858651138f4C698453A32,5,831,-0.5096273344558342,23717.528209069373,164101.09893759488,58,3
0xE74995389BFc1c24ca656e6c2502C1FCA757f771,5,832,-0.5109141885841103,17836.71073764964,442796.55099782674,151,13
0x3078755A25620Dfa7684f9A8b9513017d4473e11,5,833,-0.5131636554663437,18560.51294514999,159474.51610999994,202,5
0x31ED4e3C779962d3A60dBFFb2D985542766244df,5,834,-0.5131790169152972,23027.140986013274,159111.35234519708,38,8
0xe4f0898b01537d9e477260E7766D55Fe1414b92F,5,835,-0.513311953104594,28271.827952959997,138870.39612,23,2
0x016EC177fe0bA3DAA683709f9D47E1d4138cd6b5,5,836,-0.5158502729765971,18924.25883355,169616.37203000003,109,11
0x1A87c403cA6Ead09226E3E81a2DA2E370c134e00,5,837,-0.5165897973294977,18954.86811121129,94535.63466663059,80,18
0x9A4a4764d10916b32040f5C145E61E98Ccb5170f,5,838,-0.5176091540497606,13737.937854635251,412658.98209218046,341,51
0xa0BaC72021f5d8fB959D7965C65D7a213C38E7Eb,5,839,-0.5203700554110536,13501.597372657423,112491.90013772213,491,32
0x4b2ECBd4D33F74BE72B7a9323A70D0DeDa6Da19e,5,840,-0.521048885463452,16253.330654769996,84157.58287000001,278,11
0x44185a28Dc62653CA74B16f5db02013e42cB0a50,5,841,-0.5212817171642558,20936.61710653002,509225.11748999974,149,2
0x01118B66A0506BA14f9E2e548Aa642BC709c8627,5,842,-0.522245799588795,15707.109716399296,127574.63187375474,343,11
0x474A8FeFfa1c4171c9165B42C9c884DdD3Bb014b,5,843,-0.5223680252365464,26664.245683092486,226774.89717598486,31,2
0x1b90783c76814495caBD626AfE5af9DbBfdFa670,5,844,-0.522794787187471,11028.444315058272,156657.17502140944,843,112
0x64A4FBB71858f681F3fA10A42B34180A9A48088d,5,845,-0.5239593440724507,15568.886546390002,2191726.939169999,310,14
0x387E70BFb00b9A286C665F2A9F25F89Fa2F2E1c0,5,846,-0.5253631673139871,11061.357992611658,440143.2943823958,688,147
0x902600D73210708224A5788E4F81799Ec106704c,5,847,-0.5269931497141817,20930.535111980018,509385.34801999974,142,2
0x45915988e447fA959D51D90e3C3ad394c5691bfB,5,848,-0.5275683109566882,24027.21371601529,61894.60199301876,58,2
0xFF79613FA1DD9FF068b9a402ce0fCE8aF60Faf9b,5,849,-0.5297538020927567,24446.671334414987,51725.50109760899,40,3
0xeB498cC7106993B21E73c6883990E184E415fE1C,5,850,-0.5301564127584011,26803.483665270764,238231.96481214536,28,2
0xbF854BA4F6598EB7b7beAE97Af9F14397d61aCc4,5,851,-0.5308311492523364,17612.170492644545,137912.7886506354,152,11
0x5891ea76E84AdAedf2cB79A86204181fCB7Ff66D,5,852,-0.5315405912086145,21592.95526198459,62227.623599030965,49,8
0x6c5419e5EcCE1019865EcBC55d5501066629Da75,5,853,-0.531568927099991,11839.598838633097,392387.06323137507,670,67
0x3ABA482E2AF02901e49633394486570B09AB6afD,5,854,-0.5347391814990827,20549.632822142055,147221.489325338,71,7
0x55Eb17a56A2ebDe9226Fa9E5B9D3f91dA99b5839,5,855,-0.5393821655842741,19641.67201433656,200234.5961271015,100,6
0x0D0E9613266dE4d804a3F54785634Eb4DF6F5272,5,856,-0.539392160859226,11612.625862055347,62765.29881286106,875,47
0x132687616D427134DA64836fC703f3bF9b1CCe20,5,857,-0.5420780033464453,14124.545919744656,282028.16282615316,298,33
0x42EBF87b75f9E63dA944EE0319ceF4fa622a79F6,5,858,-0.5423691263646915,11785.724007674296,189387.2117091387,677,59
0x08B9aE897cf850E00F71E7590728C84882db28d0,5,859,-0.5424342915659601,26998.07705711472,71918.69274883321,24,2
0xd0F600a063a404eF3854e7113a557AB86c5e6c2d,5,860,-0.5435156741780842,23994.5319576,55839.27214,40,3
0xcfB2698E3df11c000275dd5a617874AECd219B79,5,861,-0.5458433611010787,16717.390128221192,426731.63936952,298,5
0xD01de5396f937c6FdeEC69E5ad0f3126cD0ebE65,5,862,-0.5461359828536428,14245.032541829994,332990.98228999996,453,14
0x6028325fcaB0eEdBbf7a3Ea0111E9391AdFD10ee,5,863,-0.5461422516378358,18924.730775523887,147886.29812734853,101,8
0x11767C08fBBBe6a874B7EbD14866e052d22a377b,5,864,-0.5491995500831464,23399.138296648114,146870.09309822303,25,8
0x9F54Bff2ed034c9E31502bbCAc0c3C65d5178051,5,865,-0.5495338688630873,22403.583737172372,484770.0175010785,33,8
0xDed7eF2BBcECA28B893ae47f830c633F75618741,5,866,-0.5497172936372601,23528.344517139994,374006.2938581739,43,3
0x9460A875eCCCFFFF797540219E5c3eeF548A866f,5,867,-0.5544882754285176,24508.411407335363,58333.952782454544,21,6
0x0ffB185C37c986523e9955455a34C1051eC55FEf,5,868,-0.5570949636798244,25437.28904095696,106469.25049792,31,2
0x57320FdA20Bfa07204C912909595Ce98182bFfcD,5,869,-0.5578806657434762,16019.501959565774,291057.5832700796,234,10
0xbCBE39385f42078920DD61972FdF7c34102AEe8d,5,870,-0.557973011708254,12740.625087326034,100056.93377766223,479,36
0x51f5A87fE32Bd9102d4CD75A6AFBeB576c732e8D,5,871,-0.5584610681437023,18662.112362828044,93331.9604058969,78,12
0x21B7f2790619E79B003dD484CbB27885A12ff713,5,872,-0.5585514283894513,16204.093958846484,193930.2132770221,230,9
0x8b5a7DA2Fdf239B51b9c68a2a1a35bb156D200f2,5,873,-0.55864361175217,11537.869385380038,802659.6063965574,824,42
0xf2B3f8E3203020c440Ab9f0a6d13939964C07469,5,874,-0.5586664338301733,13513.354160089306,87656.59400119564,378,28
0x4CD5CE85CC1BeCcad9540ba3Be763ACf563e8cA7,5,875,-0.5587729743841809,14046.534525647488,139599.09764479595,349,21
0x17Cb4294ab0E6D81Dd9a7D37A331d6C4f50ece04,5,876,-0.5604983977612628,11227.35943438001,1212577.1829199998,702,72
0x24630AfcA6bB49071660deD7AA0EFA7F209Ee21b,5,877,-0.5622700848127099,20288.31198880045,50103.196290452746,74,5
0x506aE6D9E1516222De3813c82EdF056d1C5C0e59,5,878,-0.5624992063628873,15446.46695321008,90616.39388821667,178,22
0xEcdF3a31E85D5f2AdAfE3fC4194d44ea011D6c07,5,879,-0.5629233790606579,18613.74753858757,131420.03100819976,85,10
0x2d09f19889F78FD7f794A06F2Cf64640a776CaC4,5,880,-0.5634768053567223,24546.874458939605,105065.25955625801,29,3
0x35F832403A0F1f4a4d0Ce2E81f1F4eb2a38F852b,5,881,-0.5674904584625607,19672.860203419998,121539.64517999996,54,11
0x0f1E24d6CD301827499B0CB996CEFfbAb376a74E,5,882,-0.5686784709530445,12235.752906556,471434.66343877185,450,53
0x1A695a6DE038B6fb9FF45799f1bA49b45b70B8D8,5,883,-0.5686890601246506,13095.63287695291,107822.22697146925,407,30
0x53D118d2E4963397B6a481d134E2f42080FB0cB9,5,884,-0.5712868430473758,11096.290375942572,385027.5547210663,1095,33
0x0f46ff50da184c74f55fB942168A0C7b98380e43,5,885,-0.5724018900999294,19315.05732836,81788.65998744637,93,5
0xfcdf1fC8d8f85fAf2d1B0aB769005F84b4F662A6,5,886,-0.5729808395252435,22880.732547393418,184950.93610888068,42,3
0x27C1467AC22fCB9cAF3aec0B58bAAB42A1A4f4aC,5,887,-0.5732605574757492,15921.040275826223,126059.06552003842,161,16
0xF8e255aCCfBA492512C11A780e5eac2D88dc3D06,5,888,-0.5740685139757086,16457.934763770823,72065.09521488474,146,13
0x8FBd8F159659045C40095B6930E5c94F2D1c0366,5,889,-0.5744038428069428,13463.961703458335,107733.21942087518,277,39
0xCc50dF7AECB69C741a10D1ff3f9c5Fa69b60DF9B,5,890,-0.5752345349966825,13348.507936303551,42626.4272760875,310,35
0x9B5025Fa6590320DF2eCec335a1cF49C38C943e8,5,891,-0.5760392997077457,12939.436115031722,207882.9615132569,333,43
0x4fBf9d60e32af1A8b664A9CC09D1116cc8096cf7,5,892,-0.5761321992323625,15938.302986416775,122775.19419895935,162,15
0xCA876b3788D06525c6A94266f5A074e8499E9EDa,5,893,-0.5794172165266376,15593.73063395002,5196705.970310001,348,5
0x34D94145Aa5FA0557E4F947e2A9a55b3E852E26c,5,894,-0.5816823066621206,14398.239291185373,199891.3734772519,201,29
0x1DE0191A64f7aD3829120A96a45379694065F0fF,5,895,-0.5820371688385519,21121.932285,108106.47686610167,48,5
0xC8785c8862eDB5382dfc194875A68B03fedAbc4E,5,896,-0.5825976373268501,20705.980907884703,90136.3986559875,62,4
0x1dDa5Ff5174D18a7595252570c23661Cd6686Aa2,5,897,-0.5827232646322839,20807.918996349996,47419.34345,60,4
0x9015340e052aFAaC055f39240dD1BdB8b92Ac22C,5,898,-0.583255861156366,18000.82239123893,94891.7140980529,94,9
0x39a326ED1e13b84E6d8Ead3F1d22F4B91C3B0551,5,899,-0.589921326547982,16904.713117685766,109368.99590775504,133,9
0x7C63c01961C674C55E60190227a320fF39D6F77B,5,900,-0.5902188968146269,20493.018936705754,89976.49887911114,62,4
0x96fC91Cb62112232f76A596536a9E507EaE7b79a,5,901,-0.591184329514888,15674.125344850001,58168.16794299999,126,22
0xAfbAcAEEda63f31202759EFF7f8126E49ADfe61B,5,902,-0.5912812600334968,18521.122147660702,103975.59446,118,4
0x95c1eF2c9E9CbFB2CEC341E09c1467311CbBFB3E,5,903,-0.5914824944101462,17705.126367247838,242813.71288733734,113,7
0x0A52e21E57bFE0280C3B3515a2c2019F8dea63D3,5,904,-0.5921667466089806,16886.945329898455,68856.87534437413,87,18
0xaDa8aEB1864cA8b667DF63e7161d74c7Fda427a7,5,905,-0.5925979455879778,15309.728780037602,219020.7169444827,175,16
0x2eE80AD7FaDEd3F4a966baE6d1fE9Bc3c9608D14,5,906,-0.5948315141903007,17668.067152886248,106035.71437999999,90,10
0x0aaa40b4902102B4b36e27625dA98bD73EA5c085,5,907,-0.5953323689448163,16997.949293725553,59982.4550856111,115,10
0x9A3889C64580af845B2fA52ff8CcD63231f7586C,5,908,-0.5974327355161684,22505.105852140303,46670.309996742304,25,6
0xB2d635fd7990f4330dE461DA225F20F90520169A,5,909,-0.5976244010284698,12607.497873680004,88850.27706000002,326,43
0xf92961602Ac82eF66bdc590C16E25855018f1379,5,910,-0.5977122316354584,18322.266592030308,110705.06409399281,94,6
0x9e8C100C3960d32917584C5Fa2B4A0057d38bef1,5,911,-0.5979998917720694,14160.449512080017,1387809.5036699998,235,21
0xB6b03fA6C1B26C485B8592129fa07719A1Ba24Ea,5,912,-0.5988626887562624,15334.98365451002,5137783.409910001,327,5
0x26A148B9CbB1679576363Da385acc3CBDfD4A48a,5,913,-0.6032984593458215,11169.796494168124,208678.1869014633,935,25
0x895A141583360A2F3BAf12a80EA610B21b0D128a,5,914,-0.6034222964240745,12982.439645671726,99843.6776364269,253,44
0xc0CD309393E6C5F7Df7B51b64da6566A19740EBC,5,915,-0.6044630929466295,15214.298024916268,91627.52579017419,126,25
0x0bddCa383419E61080Fc714Cf59fFF5249061E25,5,916,-0.6045632021025987,15426.137989448622,60119.68762053931,110,27
0xED3E3F6D75f0b0624e6772D7e6b36400e40980e1,5,917,-0.6075138922827985,18883.869614,104879.45199999996,71,6
0xF32761F2A08B33e72Ce4bf47839967498B7CaadB,5,918,-0.6075174314338113,14895.381520318238,166245.78385337867,229,11
0xE489B17431cfbA177f0a197E5738E449E7BE8429,5,919,-0.6108475354083613,19124.78981497809,123590.46879372186,122,2
0xC2AE72AFead3Efe4965cE3A7eE4eE9d4aC302A5F,5,920,-0.6132305512021752,11779.369492604606,129997.03539884367,482,37
0x6c4EBFBf51F241555Bdb5C70181eE2BbA8426d44,5,921,-0.6132520344413869,15126.83519568947,106043.5262719776,164,15
0xa7745e05e29F0cE180a6c8d852DC32ABf4B2DCAf,5,922,-0.6136710358180387,23802.85312761,52842.156639666675,29,2
0x8A1d9b3A009698936dc22016101610Ad42a4Bf05,5,923,-0.6147185834899235,12797.525318680004,922141.5120999997,293,34
0x640B107787E04cE407181287d25724f0aF92102A,5,924,-0.6147933365033083,12789.997390985503,181821.56314954994,263,41
0x2863Ce4d826552Cc8b3d0A14e25b781EEf2c0E3e,5,925,-0.6166858646103786,13320.342508630009,438606.0095499997,215,36
0xd448BDE4D4a77643830c68619ac0783ECddbA724,5,926,-0.6172376137280099,16042.55884079521,191321.55613307958,118,13
0x34A31783A8BD8da5F380551F138317F25cEF04a6,5,927,-0.619730005242222,13979.81314095,55203.25644999999,224,19
0x5AcaD88Ec4495c364e1BC6B4D49c67ad225F8B98,5,928,-0.6202425109673403,11789.184524903525,95284.91141433599,437,39
0xC2728210a3466d31341E908696c4236Dc0f8D13a,5,929,-0.6204737910687901,14452.165909430023,587692.9038099999,453,4
0x9C0552569bA682D1E74d09cF1642b535811e85fB,5,930,-0.6225213143253692,18296.82615463787,92514.730859492,60,9
0x15691449477AA15E72CDfF51c7B6687b58bC4E0c,5,931,-0.6257117797474031,15041.974908499997,68039.47369999999,194,10
0xBBc7298464B536eDc68Ab5089d76D110EfC9C2c1,5,932,-0.6269231028604341,20486.3974792,2096269.7069399992,68,2
0x8C060bDFb735826d498Fe34Bc8A89374ce8585B1,5,933,-0.6272110440795617,19200.761418208003,101659.96177914286,81,3
0x0DFf6DAfe3C7649C0c49F6B5844C5B6009B519D1,5,934,-0.6276345445011753,11875.294414307611,51292.26918905716,424,34
0x5801B3B48DC3A5e821deB7f49FbFfAE974Ee7d88,5,935,-0.6279616068224789,11188.231939170002,139289.140891,363,84
0xB160c00dCa5642f42268e6b90F0D0453bC1447E5,5,936,-0.6282819133074256,16934.26739526562,118156.22837856004,94,9
0x793c61Ad8897050e828ad173F2fd44FA706dE8da,5,937,-0.6290261304908805,12784.15151681,129806.19391000003,573,9
0x74507E92C35870A410284C1EF8Bf1bDAB87ed353,5,938,-0.6304612025740682,11505.264121111071,207522.99128125794,454,41
0x44C18Fe50c8F5Edf47c8b37a42d101FC0E6A5f7B,5,939,-0.6304807286503318,11635.539265648911,117202.22725012952,456,36
0x5A3EF9d1D9f54E7126C8d79b0cdf9d9dB6bc30A0,5,940,-0.6346483078355651,21947.25535495063,50844.20549792478,27,4
0x306439e0B4e1D4F963B932813BbAa1822cf81460,5,941,-0.6358406835853639,12740.124691284109,293785.2222943289,294,26
0x388347b80c42a644Fd5266171eE72d0440EF6bb0,5,942,-0.6359905182068699,12367.406017213245,427913.88292904716,364,25
0xe0f3208b94bBD4D1a3dEe319D4d574747297D82C,5,943,-0.6394707196806934,12699.767426857758,145033.9246864085,330,21
0x647c5D329792b2C097222312A358fF7B003f7b8D,5,944,-0.6405604922260202,21899.653265999998,57385.0092,26,4
0xc7aA5E79847786A6ACC381BEfe4E0E0719e6d0F0,5,945,-0.6410165052873277,11010.223044429715,92009.25829002511,426,63
0x0003f8eF5F1729988319A7456Ba1b973c2929f73,5,946,-0.6413234446324982,13016.483679834259,76057.76894333915,314,17
0x7B2C6BD7d02aF1b250703E8D8A0dbe1Fa089C364,5,947,-0.6422381487312011,12578.009137298042,43727.395748029354,218,45
0x0F78F3dD497c1acbC2537ece7dBd07F1c78946Aa,5,948,-0.6435127348230993,20406.791084284167,80143.3099951539,35,5
0xF413bF9991B547b999bc0Cb602fa27d2fa3afD65,5,949,-0.6460117464443441,18806.507342879995,112023.90184,58,5
0xe790B0e6bCdAcA3C430FdAA4d86E2D8AE6E6EADC,5,950,-0.6510294459322651,15639.781203439998,239429.28554000004,138,8
0xcf48f07D5dc36151c5Ab6aF547344037D196E8f2,5,951,-0.6518466048107219,20903.769137000003,46337.7129,48,2
0xBDa86A4F4F310A503E21705038AC6F93B92760A9,5,952,-0.653579767240257,11498.00212104888,306528.3219619082,628,17
0xEf2F91f75D1878a09ecD42A376D084d3bc808B9C,5,953,-0.6540348818486923,12775.488837765997,72844.49988216427,203,36
0x4eD601961feCb959968067E7651c43A1B62CBc36,5,954,-0.6560251628057034,12512.717722110001,237120.7394542537,438,12
0x4e1B546655a9B356909D4f3eA36b281ca0f78D68,5,955,-0.6595039660148521,18638.986863274997,59072.65999527138,49,6
0xe2C7Abc5D5C1F1eCa766488Cfdb86a648A6eBFF8,5,956,-0.6596900542631784,14568.296903804383,55971.02841334836,121,19
0xe7DF06C0720cD7eDf5690ac150464ABc28153734,5,957,-0.6597453929390587,18834.027608758002,170550.0563225663,69,3
0x60379b35eDE425484B1E45fa68708d56B07c2650,5,958,-0.6601304140149349,16191.664126949418,217749.13612562328,95,9
0xb10402DE0FaD9e5A278D84Dfc2d87285b2e0e6C8,5,959,-0.6618129762467196,12126.38781358249,45796.10258271521,198,59
0x0eF84e41ae762b2Fa98895b754753e1C73b814F6,5,960,-0.6640236452778339,20914.822759290004,165694.32653999998,43,2
0xD9bE4e8f031a5bEaA1f0d29cEff2826e3Cc91D98,5,961,-0.6647713773500086,12576.496947606413,80372.99908139884,195,39
0x5F41E4Ce5A208a1BDeB3c88246DeD4bC70aA0C00,5,962,-0.6649425432147194,13350.295216031047,93620.3591981696,203,19
0xbdBF7807c4F7892F7e04b31c8322ea161e324a3B,5,963,-0.6656851446717553,11954.305996490002,85211.03226978082,320,29
0xAa99bDaf901E97B73A559b8E49f702eC98DA7324,5,964,-0.6665741318412672,21343.177625050004,94725.66460806063,29,3
0x95bf944Dd22691364154fB436EE922798566e00b,5,965,-0.6693027022501418,12187.948672950004,229624.51035000003,263,31
0x87C5Dcb42ADbCbd6Ef0326f55FEaB24128ef4FA3,5,966,-0.6701851161256132,16050.398730665614,43829.63664514498,74,13
0xd78C9Bba3d8A8C566cfc7A09e24c8b450470Bbd5,5,967,-0.6710983780730334,18604.45374169616,138672.29719776273,57,4
0x4Ff4B85f1C346aB6D61E4955DE32C8EcDcDA9748,5,968,-0.671812463713559,20750.963602840002,174233.29223999998,28,4
0x8824Fa45ed68BfB6257c525fF92bD6876D09A8aD,5,969,-0.676124700562009,12339.7029999756,257910.9418177822,352,15
0xa47e603eE673032fA5c0Da688B5eFF17250C5D1e,5,970,-0.6781109022332499,12642.60736456161,45457.55529054254,200,29
0x8732f29B1d6c75bCF86B5EF37AdF2599E216A5c1,5,971,-0.6857345745374872,12843.173234171132,410380.34948223067,250,15
0xC447d996D32F278B13C3740310cDe694B1bA2d8D,5,972,-0.6892233925848108,22586.1848332013,71800.54977105,21,2
0x1986a3e555DD2A334c33c34B0168170CFf54Ef06,5,973,-0.6895855821309089,11441.713148564899,889185.5426569076,319,33
0x3F7B3B4dBC55bfb0d57701fd0cCe844A7a995649,5,974,-0.6912178983423874,19590.487324566944,132886.2872369393,30,5
0xEE98660f3105b5494299890b5F020365dD2631D2,5,975,-0.6935154380125483,11170.36986919,54228.547889999994,321,40
0x58805c69a1128926e1849f3c64bfF210eC9203e5,5,976,-0.6958169249499222,16138.608938314012,301960.6434982068,71,9
0xE0Cfdb59a2b593c0d3Ab1F9fD9f7333C55f83E7f,5,977,-0.6965784444395624,20316.398396233355,170336.87900957066,39,2
0x7C722C4e80E16a8290e487293afFDCEd187eEe4c,5,978,-0.6984429390447976,11314.481624080361,112176.28747373381,254,48
0x8537BFFb56fe945e8A7fc52Ab5962Cc50b890694,5,979,-0.6987724891506387,14862.658819414273,64538.63765485483,78,18
0x6347443CCA21850B4f544585F4F137858eDC9bAc,5,980,-0.6991973860981726,19869.42175805299,87731.51979770459,44,2
0x6b6203E6E6b1A925467106158dB48257f900593D,5,981,-0.6994574441407186,11987.926450467456,521536.6049042038,440,10
0x45FCD3872f7836aCe6bfF4a54Cb1ab196B9b3e18,5,982,-0.7006608042912221,19102.587319895705,150440.8778277191,56,2
0x6E1f6E82461c62C5E78eD232Dbe0A85718f24246,5,983,-0.7055750839620902,17214.32121400002,755668.6339999997,105,2
0x6444837b82079C7c0eEAd6114aeE1c5e57F748Aa,5,984,-0.7073650623714962,17249.889906000022,741114.1979999997,102,2
0x24b8902E439ca23Dc7e0418CB591AdF625b48C36,5,985,-0.7075838551826347,18304.288357305002,112272.58319745216,46,4
0x1A29B75D4Bfb5D62B343e4abdd10B60C0cE19b2e,5,986,-0.7077518677912484,14216.801578999999,121650.58230000001,103,16
0x69C49cae990f6F3aB5A863257772fa521f025aea,5,987,-0.7110184946314191,19117.55417594999,234991.49675,40,3
0x88846456C67448659DBcCEf61aEac3C17022B428,5,988,-0.7127369210017069,13420.064867213221,57949.44988007989,138,17
0x989B67c86DAa5675c2A7d0eE4107D2A38F628EF3,5,989,-0.712737993394036,14137.680126500001,870421.5586599994,183,6
0x81acE325C0223554Df425a04e4d870f969a32A9d,5,990,-0.7197580663564374,15441.353612905008,255743.596989868,147,3
0x3085BA2F107F0c41D6c94F23cdBECEa2Dcfc05C3,5,991,-0.7201965581382643,19128.62543364679,95883.85786177225,31,4
0x1dBD86953c003CB891d029942437E14a05D759E4,5,992,-0.7204300059560713,19269.69442927321,73618.75748795398,35,3
0x911a207592F6dAd6A536D66b56685c6172d9f67A,5,993,-0.7206755614720984,11058.050059373427,155871.58847610254,434,18
0x7e96805D4c6A6F3F646eF410742714f8259c2642,5,994,-0.7217914398137297,11206.147259485,126048.37099000004,341,23
0xC4bBa1bCa69FEB388266ca6bb5135f9821639381,5,995,-0.7218111103501511,11125.92211199702,93161.58516556308,261,39
0x44f408941B87679Dc2A11d00a47bd6d75f442c07,5,996,-0.7238108707932467,19739.971246667883,134602.788459099,37,2
0x1A44E97F2fBd31926B66060944135E164D753614,5,997,-0.7238878855978963,12837.751246059996,86077.63015549332,156,19
0x7e44F4eB771F1E72AE91c7f6BD0560581DeDe83f,5,998,-0.7240803035307862,18736.359191580214,95614.43588626411,30,5
0xCd17ACB132cE2cB7E180ec85EB8cA0eAf16e91CB,5,999,-0.72533934977527,18982.141475994005,133988.84289845868,47,2
0x7f7EbAe6f52F7A92b54C7F20843a73bb0BCe71B2,5,1000,-0.726609679666927,16605.906726140245,66498.65483799423,73,4
0xbb5d21e5C5050bDc0FcfdD87Fe36722465CB4347,5,1001,-0.7287657925589404,14503.054125240882,64889.35908671921,66,20
0xD1593C97c2186b1b71A91D46a09C17C6Ce4d2128,5,1002,-0.7289926834211637,20047.718318331,173367.24861873352,32,2
0x9224054247a0C3Dd995bC6F521F7Afa97db55d09,5,1003,-0.7301498721448483,12889.888710339867,329135.6772199998,189,12
0xaDEb8028FbC7E968220d9F2fFc734557Bc3B4E85,5,1004,-0.7326443657830457,12494.856413882431,225725.31922323297,198,15
0x420C5455b1D38e75063d32f6039b6E4B26f73b42,5,1005,-0.73337056302952,16237.825442409992,133535.92841000002,120,2
0x22866BA84b7148134038BC379Ad50f0452C7C31f,5,1006,-0.735255317203407,12681.763072501206,68494.80296045518,144,21
0xa1BEf2C4b1CD2995f3F78489F951210F0F8C0A03,5,1007,-0.7360782876065748,20419.07577878,80623.00461999999,21,3
0x245F1a550c8F1c102Bf91E17AD9DB74f75c83012,5,1008,-0.7361607612524248,14454.549993064757,48262.19999258212,195,3
0x68CA40148187Ce3C34ae971DB16d7c9792563364,5,1009,-0.7363860875548445,13509.989368325278,57537.07039106724,182,7
0x139de75986038fBE23FDe70539b951D7Dffb7dD8,5,1010,-0.7376633217258344,14800.250072785078,131424.70545421806,122,5
0x1275F7008da638fecd12581ad451A864Df5AE518,5,1011,-0.7379438595459311,15753.675941119996,117080.50382,73,6
0xbDB05A6Bf32B701e28338c13C873B43fcb1aF688,5,1012,-0.7402028849185975,19943.63785486,51633.87042,30,2
0x0F28fa17A810b9f06525058947b65a0bB3bb698A,5,1013,-0.7403901700227187,19758.836274799927,91672.89693016165,25,3
0x2660D6ed846c1c264e80495142d29c3254d56a8D,5,1014,-0.7415213723908208,19213.142988389227,182078.3346085241,25,4
0xe877E0931F31EB6DD5e6bd1CA7E702F84088BB43,5,1015,-0.7422486556246598,12078.113173675814,50887.965830542045,191,20
0x3980230e31f9475A5671a502854E2684fBba2062,5,1016,-0.74240437860347,11806.482895486082,342911.4728622039,273,14
0xC449E7593d00104CEE02845423a2C7d8E9C6f3D5,5,1017,-0.7439640652466942,13702.653851961004,545142.717868515,103,14
0x0d16dd0E17992E6500e4CAe17B9f8DBc0B09750A,5,1018,-0.7461794169812226,12804.212279000003,66387.26890000001,123,21
0x794c62e2d326F38AC03D9066403DD44B4E48AE6f,5,1019,-0.7474243412905734,18029.775228835715,53920.64202971429,54,2
0xd046e672e26D5f928b069d56C0fDb7802d63E564,5,1020,-0.751477881728478,19463.875773936,130258.03609423415,25,3
0xF082dBEBBc22491a5C82e5f712572D582f206ec8,5,1021,-0.755008531941276,17746.065819605996,131648.5082960776,44,3
0x40aae064996d223447E0515558b7C9d6390A9fE9,5,1022,-0.7601543065274415,18407.463897900016,1469975.7394599998,28,4
0x269CeD0EDe348b4B3F8FD8470b19F65508F79017,5,1023,-0.761108631999911,11373.823998822345,390122.7501977719,246,19
0x9CcBAC69128b51102F6e846b6abEc3dEc10a0a10,5,1024,-0.7625757879806543,13493.85933623,55540.77957,118,10
0x2f0B1e81A4266b572dBFB06Cd9Bd14844a7d36B0,5,1025,-0.7662150088946991,18190.838678169996,107578.80897999997,34,3
0x5461fA49353e061E829824b6F40815B2EFd9d939,5,1026,-0.7664693692806068,19320.096846130018,268189.0548399998,23,3
0xc62E21512E25A6Eb6a409A2F5aa7A730fa9827c5,5,1027,-0.7709258844650386,15749.290591949164,55865.406038048146,50,7
0x8960e27204204dD8cA1EFeB260329001F4502ABC,5,1028,-0.7709636932006476,17009.36178676979,64897.51255016464,64,2
0xa8cAf30a6A9C6e670f5602827F4e435D1d4Cd535,5,1029,-0.7714033280333763,18338.109725738097,51421.29999429363,26,4
0xA07485E02C37C9CeD47565eF1CcB1f60987049C3,5,1030,-0.7722864806296954,14282.252641003,79649.59999320534,71,11
0xC4Af49107Fc29A0b62E9E0c3BCA807EBBDD2C998,5,1031,-0.7749285700453921,16987.241447950004,76471.33205,49,3
0x73Ed13e31875581dCb0fd90070cf583E873F7C0D,5,1032,-0.776310128080085,17709.833932110014,187142.61191,37,3
0x57580098505A802779Ba8737B36d89bcC083DA7B,5,1033,-0.7763586046629276,16183.731045993853,57287.022969463,40,7
0x50E8c37E9BAE1A9ad91A978c041Fd882B110b6A6,5,1034,-0.7772545901017296,15663.625943647834,353188.06009982683,49,7
0xf107766f61574667801C7EA861fd343c66C4316E,5,1035,-0.778620304830968,18528.63134538783,375622.9121503333,20,5
0x244E6dD51F7541963C569f999cd463A355F42F0C,5,1036,-0.7795239399908276,16016.598680338408,76978.69492531799,58,4
0x850B0Fe06389bdfa7F768353973dEf830f9De159,5,1037,-0.77999059404261,13542.308727970003,311570.46614999993,99,10
0x55e8f397dC5eA8005822C76541Ed95D8b228Dad7,5,1038,-0.7801209243934415,17456.29182095147,43205.80507821501,29,5
0x8458c90747Ee7C555a68c45865333273C68df153,5,1039,-0.7813402743458137,11895.181972341807,238751.57019850824,185,14
0xC7adb2712ED12eB12B9D9b1aC17C8C16b1d627f1,5,1040,-0.7821753186813195,16404.784651109607,57568.75997466698,30,9
0x88cE243dce9757B21AaeBF70A8594CD774172f63,5,1041,-0.7832852105338243,16676.168623543595,154477.95735806916,34,6
0x31C518F864d1394361fEc967B3dAA9093a86Ede4,5,1042,-0.7850080185683153,16554.0189481768,189238.1360669608,53,3
0x2fE6d3037Aab8CA66FC3a43918d9028a601Aab9D,5,1043,-0.7860851832350507,12904.268673430017,304283.23549,115,12
0x4CDD5392331b72A86a6Eb27C068Ca43e082005DC,5,1044,-0.7873503426802437,16065.369179117895,79697.15386673239,63,3
0x7287cE5f6a3465EB794dA0968cf3aa0BDEA9A2b2,5,1045,-0.7934159789344881,11554.022454755233,84425.08303081154,111,38
0xF313178Fe60FA45ce653abcCfAA90440ACDD383e,5,1046,-0.794471887250947,13347.464526504287,78023.23479649978,165,4
0xaDDD1Cae1CBfCB5aBdc649d65987f0E55B7F9407,5,1047,-0.7952956020928996,12058.277144892418,283001.48738339305,248,6
0x0D52FC922CF60F13ee053B82a0930202cD2F326B,5,1048,-0.7959287283844847,15226.296934610004,133378.55269,61,5
0xcfDAC27A4dEacf1cDD26Bd425dC68874ce97bEde,5,1049,-0.7981914174736602,11417.40691309947,56600.2392200045,144,26
0x748f8Bc6dB49DA87F131e073f68aAefc4EDBC80b,5,1050,-0.7987686063769035,16049.148891929999,41080.336129999996,73,2
0x8f96Fca1De7677B6C90E44b41316e7687360b528,5,1051,-0.8054015303122721,17392.842718761367,151074.47841843084,41,2
0x7e760EDc81e0d5d2Ae16f72A06c406fC117deF4E,5,1052,-0.8062345324124147,11878.620269973002,242057.07860730364,118,21
0xCb144C3104fc4937aB57dfD42c2691b7E3203c93,5,1053,-0.8095449089276532,15817.587693090001,102079.65942999997,38,6
0x6B04Fc0ED349F9904E8Ed493ef06D8a1F5900c0B,5,1054,-0.8102311224598031,15924.680081244996,201787.17836969238,33,7
0x37aa0aAfBFC189B5f72bF558CcF06FB0f8891C52,5,1055,-0.8103185776095345,16244.842889881686,388507.15414144885,29,7
0x08bf7551F2493C5030B49405bcD7dbC214Afbd0B,5,1056,-0.8113093845048914,12205.813373769557,86265.91956626838,168,8
0x1E2c03a90b68880717227433AC25B165651eDD7E,5,1057,-0.8114033971664347,16445.370720747975,45606.67999467738,37,4
0xC34563Ba1657EE9A82a4465CeA2712875DA6DD9a,5,1058,-0.8115916176710617,13119.062544833721,57694.93948640902,65,18
0xB81a0e6c38c3Fec8A171cFE9631F60127a0C5bfD,5,1059,-0.8128098394555235,13700.675950259481,277399.7872515452,104,5
0xCBc18d09999BE50619B29CB5e452F2Ba0414C2A0,5,1060,-0.815153215204276,17751.484689001656,143419.8970367033,33,2
0xD9066FeaDC38EEEe4E70BBEA47ec649847A51b80,5,1061,-0.8151689274266541,13710.497015503908,66690.08813945609,91,6
0xea2CE96194eD3327e49A15469c14D22a26D184bd,5,1062,-0.8197819455309783,18304.31718806252,300977.5215286213,26,2
0xf0d3f2C4e47a4434CE8DC0f4a018aB82977C19f5,5,1063,-0.8226890798851271,13381.767209079298,190162.57906829106,84,8
0x3142b7b433D665F115352aF1807638E6E4B5F023,5,1064,-0.824018678347888,14878.324425220013,523309.8204199999,75,3
0x3834102d9e7CED092ef3B82E5Ed802f083541eaf,5,1065,-0.8240772424629611,13288.266300808069,98711.88189828182,103,6
0xA56d896E41759492fcE15E476320A1Ab31869A34,5,1066,-0.8241144088119472,16026.933871282448,40805.50019784105,59,2
0x083D1ffdbDFf648A4D8823C7f3b895E291941162,5,1067,-0.8243442386589694,18302.29043088,44379.58574,25,2
0xC4f08b1980589fC74257a81399B15e2cc05a8619,5,1068,-0.8246679359556346,13774.499479984466,47309.789963700074,60,10
0x3fb1533bb6C8e3116D966543BeEb8AFAEe9d1d2D,5,1069,-0.8256832081751525,13791.416457717387,109644.31990977377,59,10
0x4813a38feedB8F41973b6D7EC85e3671E752Ae12,5,1070,-0.82696903314971,11504.323985782776,99410.17277941323,121,21
0x92587CF82D07b52fd5c8eB9be1053346cd1414Dc,5,1071,-0.8277099247772769,14329.902191516603,90422.62588937301,78,4
0xb83ab04b9272981EB3e706a5cC2026B634082a7e,5,1072,-0.835656808641829,12433.897675060502,40663.458750602396,77,17
0x0D1c26fFb386Dc498B67Eb87D03690BFB55E8C6B,5,1073,-0.8364745132622871,13086.046795298831,42883.591643344196,86,8
0xf5055cb8e5248625147A7EeA5B3f8ed470410Ea0,5,1074,-0.8394260508080407,15253.495178142999,124767.33829637221,71,2
0x6dBde1A1e0F199b0252E593A422b9340aF03075a,5,1075,-0.8400607754602157,12931.114787530003,1690116.878569999,90,8
0x625711e90A731B63547c155A91167680DE0D7053,5,1076,-0.8402359139382682,12033.19204517037,350663.67888915376,189,5
0xd616Bc397501c4A6338Fbd382Db7c985c2De6456,5,1077,-0.8426235288025806,13374.91111721712,50476.99998685942,62,10
0x52Cd39137a4e290E5Cc21249e24C330Ac7AdD92f,5,1078,-0.8436575717046613,14139.577753658481,45640.47079153574,49,8
0x9B1652Ad10BDF7C1cA2913ad488442b3a5Bd04b5,5,1079,-0.8458739471190517,14901.923826780014,530776.8835,78,2
0x0aB243a85868Ec273C492E9eD1E5A6314A4A8953,5,1080,-0.8471082127285074,14640.158741062842,54842.092810860304,68,3
0x2708BB9613c47d70762Da45Fe3a7cb3ae78042a8,5,1081,-0.8490718083804154,14255.116944686002,126386.42289903434,48,7
0x1e8D8619e9191A9E148Fd8C2415b11b42D453a8B,5,1082,-0.8497914790520815,12535.527762649755,127213.36465808623,101,8
0x0CF08984C24f3B286E601fe5B5aA683110279be9,5,1083,-0.8508569333805103,14463.208075999999,44609.409400000004,60,4
0xcB44469AF087eAedE4956928B06c18e1131d0931,5,1084,-0.8537016926872959,11111.96219949867,238665.58503768293,167,12
0x3A769176a997990f20A3162a7b1Aa44756549370,5,1085,-0.8542961949414979,12773.862218785966,157527.30484919925,102,6
0x4a477D7Fd44B52F7905Fe76FE728204AB699a510,5,1086,-0.8555082230913089,15278.939277667496,85483.25855501095,29,7
0x488778c7CDA6Bf76779726F9A505215cc7c9a67C,5,1087,-0.8567444680211442,12809.349678826102,215615.80274917022,148,3
0xCC9788780b02A68f69d53138BD50B8fe458f3633,5,1088,-0.859902588971438,13778.202431868678,74177.07278860139,44,10
0xf0c2F47A507436E2387610852083786778dAFa8B,5,1089,-0.8615231611245702,15913.05066801935,48031.1399948657,35,3
0x93be38bBcdf99c78E0FE43ce04a274533095954d,5,1090,-0.8639343573833986,11430.274134270087,209352.87259868335,134,11
0x9D58D458Aa12da7B6CA7DEF3a1F6F127d6DAb159,5,1091,-0.8657985634669105,11341.185222296059,69865.68402734466,111,16
0x763b5c3088Dd348363Ec7860723f894d9383f5CE,5,1092,-0.866031903341453,12797.391722296163,111723.41447114774,83,7
0x1655eAc53ec852B6C3785d15feea40035F71A669,5,1093,-0.866375681690635,11881.17240247544,95656.32451512461,85,15
0x9B6ca0931F6779b2840d49a526841b764ab223ba,5,1094,-0.8677155608399207,15648.328137600001,84458.1399976,47,2
0xB08829B65b45C4F5660f98Fd5E22Bdd20a7a683D,5,1095,-0.8713130223819242,11048.16107645624,368547.05175308575,189,8
0x6Ab0AB231FdD30c7365bc557A68a1d5A61B93333,5,1096,-0.8720743799138284,11856.438874346515,55093.88648914287,111,9
0x232a958ED53657A3dC31F879C71e4CcBcc112ad6,5,1097,-0.8722213726389276,11036.824936000003,64331.58959999999,176,9
0x258368b046B64295dAc905587581168A686032c8,5,1098,-0.8750765691000552,11884.000566193366,122672.72639351302,151,5
0x7815BB534771F253fDAeD1eaB7253aDa9cC7b59c,5,1099,-0.8756116891125918,16353.741789765843,205295.10352680666,33,2
0x922544e53385D4940e81202f2837F5EdC3fC9a5b,5,1100,-0.8756213813700062,15528.90573574,97532.78863999994,24,6
0x09799c993566cc7555FCe6A27F882C8beFFB9402,5,1101,-0.8769700378606398,13431.322860603856,400754.00525827985,51,8
0xB5320Ec9649903bb2d15bd4Bb69b776a309a7028,5,1102,-0.8803780333206639,15392.7774712625,137990.52118481,31,4
0x636cd3e5750597c165796701e30339D856D8a2cF,5,1103,-0.8828964712484553,16270.33580757,46037.468890000004,32,2
0x38513Ea852e00a9269DAb5106668938C17F14385,5,1104,-0.8831206828340599,11459.676746492656,41186.196438090315,241,3
0xEeC0Ff7341B297051504d67324C7DC84127934C8,5,1105,-0.885299216970046,14656.00961092178,115250.1651654038,27,8
0xa3c64af237f6E12dd7a9EA95825F8DbA30470547,5,1106,-0.8880845706767124,16404.590053259588,41849.32299521257,29,2
0x84B00cC5344fAcA3Fb67F303B4933Eb8fc294940,5,1107,-0.8896841176328234,15554.039700172001,103836.93575797978,21,6
0x4F321533900a81Fc93F4E663Aa17351bf21DBf0F,5,1108,-0.8954163896109024,11683.640090162597,215818.1345970874,191,3
0xa2A6A2811D4CeF1C2136a4242C0e0346b2171FD1,5,1109,-0.8965952514287285,11711.14641107717,139852.23144305655,104,8
0x832F5A7B684eC6af0E08963020065f898F3ddF63,5,1110,-0.8991398348392061,15199.320561450957,90004.88004498763,25,5
0x7a2180022D383bD514276B7a2083A97e51E6AC9C,5,1111,-0.8991718914124676,11613.633279195874,137703.80434821328,94,10
0x5330EBFb6D9ec07b6682c6580C307d32c7A52B0c,5,1112,-0.9013314490949884,11239.098070019125,166868.47660773303,172,5
0x345B0f60669bB63B87505E826c51b058aD8dA001,5,1113,-0.9147036443667383,13131.289258509998,118539.09693,64,4
0x68A17cF158374aDb5B044F53b3c5471263b184f2,5,1114,-0.9157067707851525,13295.404869450245,119568.90705787195,42,7
0x55A648bFba2540dc09bAa1F3BE45E62C08542033,5,1115,-0.9192938604664733,13069.292011307694,96237.56419047537,42,8
0x29dcBE7a1Cb56710E42D47d875c11913cd4E992a,5,1116,-0.9198465013705743,15630.468309593994,132662.94222953805,30,2
0xfd5118d7a5fAeB131A8cC9C234416e3cA934E5Fd,5,1117,-0.9202023201964782,16070.638568000002,65501.7666,25,2
0xc7Bc494Ed3d4558b72Aab49a0F60df71Fa8a6099,5,1118,-0.9234550260153296,12845.82788466,48968.92727854407,49,7
0x3C4606fBdD7F6b6E64fA9Bea71061133d4446CC8,5,1119,-0.9238777472628452,15827.010396630267,46602.97626874543,21,3
0xf4aBCE30Ce17412e5c4aBFd1EC15d17d8eBC22C8,5,1120,-0.9277306953140431,12873.92544453974,94053.18962938497,51,6
0x981Fa74CE68E7B84e59288E3FA8a3c3670AAca6B,5,1121,-0.9318687202570242,12045.825090000004,121137.244,114,3
0xDBBBDE184Ab04018Ce0373C0dBE4E5fd6be805a8,5,1122,-0.9325268672380621,11839.317805628338,51533.64999061083,62,10
0xCaA933F0f7b8e45F472d1F54E7D46600253242FE,5,1123,-0.9345157008567422,13224.013844427593,90556.33428577431,61,3
0x86685dFEC33BE5f32E07f2309B9249bCd41220CD,5,1124,-0.9376557054247537,13537.889421,58658.578499999996,43,4
0x2bd6261Fc0C12131Caf60312286916f8Ba0DA3A0,5,1125,-0.9395265553851824,13540.846757489999,46516.38225,37,5
0x3e0889c560186Ad8515E0Bff7D01466DC3b3CA4F,5,1126,-0.9425646196498576,12878.23052949,73862.5457092,33,10
0xE088b908c6f093e417a73ef456B9d28bc235AA5E,5,1127,-0.9432934695439352,14260.605899775284,71444.93992939623,23,6
0xaC48889c65aFb64279F12eE3386C0986BA8Ab40C,5,1128,-0.946165392956791,12834.355234796072,82175.34339331002,85,2
0xc42c1A1d4e4a3281e8D1D7B2F0040Aa6D02BeFC7,5,1129,-0.9501239661716794,12234.556518530002,93282.72982646452,43,10
0x5D011e6b1F0A809C51a1667990C67876a8B98064,5,1130,-0.9589251326784717,11024.581215239807,144054.7719196005,89,8
0x3D77D12b78d0184B25715F71B4c97b608B14c92F,5,1131,-0.9609281854133136,14566.497201148039,86017.01925939201,33,2
0x8ADcfa246a5927c10a5335Ec1Cf0fe85578E4008,5,1132,-0.9622985639100541,12150.154777647533,69340.21490689901,61,5
0x0215974797Fa23472837B2fB0EfbDa9AD108C398,5,1133,-0.9660931733187348,12690.002412217485,60141.76659259249,40,6
0x80B3153F39Aeec1EF68Adc038913698e103E6e1d,5,1134,-0.9712552477284024,11050.908453760005,233876.23823999995,104,5
0x5420682308f7eDaB982F71Bf3651DB9a1C6EDf8a,5,1135,-0.9722407867425071,13885.393017999999,71781.04679999998,32,3
0xaCB1A67A4725c7433D238DBAd292FDae839D6272,5,1136,-0.9751034188735732,11235.425496040005,573479.3204399996,74,7
0x2891C337F5e9bC4529468fb6240A99Ce66124fBF,5,1137,-0.9768285648219119,13183.196659914003,195673.1278755714,24,8
0x76246F5539Dc8eddf98e97A45DDb12Bd87F3EFb2,5,1138,-0.9775424795697205,13240.583865810013,305618.82130999997,35,4
0xe952542C34aD64B61bD2b8478f2Ad61bB5712B20,5,1139,-0.9795214927250143,14401.409637599489,97471.09315873233,20,4
0xF109975eEd243c181a5171E21F5a83D24c64A863,5,1140,-0.9822415457053395,11993.06275486105,51559.83149458501,50,6
0x4228ae1F106433758fb074DFb48FbE022518ae32,5,1141,-0.9952760649940157,11909.609903892662,75895.25866442139,52,5
0xef358C96e7541a1C8dD951435100c525a07C8e46,5,1142,-1.0088155700093957,12814.357855249997,76346.42725000001,39,3
0x78B5D00a919Eb7707f4a1348e6A43A4476B9c043,5,1143,-1.0133991316205604,11307.278349089998,48938.863950000006,84,3
0x36CC3021735185234c149002718Fcc0fb14048DC,5,1144,-1.0144317071796805,12527.59809770755,81897.14542666,24,8
0x71705E9B23e9b3f62F98bdF1fdfEA3947eFF9cf6,5,1145,-1.016619418405693,13422.961596843264,49667.681556899886,27,3
0x5730912A36Bac30D3760a260eb6eAabF8f8cd9a2,5,1146,-1.0228856388281975,12304.686010337398,431275.43973718,57,2
0x5344549A536251650a2F2304A27081c00891cdFc,5,1147,-1.0255690822432764,12251.68582285,136198.73334655556,45,3
0x13E390012e7c9821644dE028FAD0f2527e9554E7,5,1148,-1.0322613248365948,11843.238035623059,50904.49671847999,39,5
0x08BF4eDaD4979F9A7762185D4Dc802013B779E25,5,1149,-1.0330461780516877,11407.500298252135,95265.33452987787,85,2
0xAe0a6948a75d66C2d9895dDF9De353b49fbCdf5e,5,1150,-1.0333406308468338,12165.499141623934,256195.76540214493,44,3
0xd7815B5Cd0Ac946b4C88a3107ba05efA5CF71727,5,1151,-1.0346785194328385,12842.920911815498,111858.94799869,39,2
0xEfD5cb51c26892C992513aC173346a8B0C85F95e,5,1152,-1.0386290227792268,12294.815456258,78040.31734894673,26,6
0x08aee610cbAB35A19ad8F29c52EbAefC930a97c7,5,1153,-1.038856538477402,11945.642333976848,160056.63132774396,60,2
0x50daF6Ac96aF80B22e526D89b2b9B6a49DB588Aa,5,1154,-1.0414343812557882,11792.59718275,50040.64115,37,5
0x3A056ef65Ecb0Cbe297d972EAA89063BD2597899,5,1155,-1.051684722477917,11651.139342480774,59625.63485183859,63,2
0xDfa16e92E97b40265dB98dEa1A787e09e22059c4,5,1156,-1.0548407054816602,13155.716862943014,43476.372449795745,22,3
0x9206FCA115a699CC5eBf46997a3AB1e45d305b3e,5,1157,-1.0564574387110213,11373.244814979,74286.90720787049,31,8
0xC2098Bf5Ae2080Aff774Dc39F28f6e4120485cdb,5,1158,-1.0620877688190082,12069.798355610003,56661.58521,36,3
0x9A7C96575e6f8538722d4b3a23020a980c4fDAd8,5,1159,-1.0649477437886925,12432.76060415555,104275.82220924724,29,3
0x685f95c55D17B2803a5a9e2158B57Db452DB2BFf,5,1160,-1.0721058127915664,12312.622945894858,125520.73395307866,29,3
0x7e3ba7dF0CFB7D4Ee3Fc83864b64dE2f6cdA5d31,5,1161,-1.0749500680442585,12009.921764806377,97921.1010957965,28,4
0x764FfBAe48e9736d556C05A8bE0D35dF7E18E0B0,5,1162,-1.0816423568292857,12269.779495955334,65579.70129847885,23,4
0xd228219eA96Aa40CF66DFEce972c6D2Cf9bb997B,5,1163,-1.0875858316051772,12056.768647784596,146327.155305619,29,3
0x4b84Af5cA98dB8DC87977B06c393186983d06147,5,1164,-1.0890316673806437,11202.86925637148,377464.2772019245,46,3
0xd126dC661Caa9Cd321234DA71Eb603591931267b,5,1165,-1.0894483059021183,11776.030357472113,621949.1615420065,28,4
0x00D9787f2c442A5ee27A6ABD3cD64eee01480e0E,5,1166,-1.0951612610718355,11353.363859240635,94578.28299778009,40,3
0x95528B074360D62adB04B30176Eb7d7b564D6eF3,5,1167,-1.0957987226488861,11611.704792049999,40026.88604,29,4
0xc92832638E62925cC4DDf1CD6dA293d46f9fE2F6,5,1168,-1.104831478294417,11218.82542055,128852.69841000003,24,7
0x939f9CF560efC260D1c9c5d4f2F918b88749dcd1,5,1169,-1.120340435712242,11116.020767431946,78453.11187800046,31,4
0xCAB07368753cEc497b8992E0c91d0C384baC5004,5,1170,-1.134670883846829,11112.572002058054,206127.2814776156,24,5
0x2EFF1DeF3299e0A96c37406e6C4f0261ec29b805,5,1171,-1.1405041165373964,11489.008143,42313.990336842115,21,4
0x41eD8e243316A227287D7940CA74662c5e8a2032,5,1172,-1.1423209869317446,11857.480592920001,46296.96012,20,3
0x250D182B6a0C8b6530e25854D3315160c501049e,5,1173,-1.1795794203654195,11530.054998713415,150274.5795602257,22,2
0x84E1515016B467eaC2038fc5bCE1E93Ee972F65F,5,1174,-1.2043440726698809,11229.821560773777,80871.04211881821,21,2
